"Player","Team","REC","YDS","TDS","ATT","YDS","TDS","FL","FPTS"
" ","","",""
"Puka Nacua","LAR","122.6","1617.5","9.2","13.6","95.6","1.4","1.0","294.5"
"","high","129.0","1701.0","9.7","15.9","109.0","2.0","1.0","342.6"
"","low","116.0","1561.0","9.0","10.0","72.0","1.0","1.0","292.3"
"Ja'Marr Chase","CIN","121.2","1511.6","10.6","3.0","17.0","0.0","1.0","275.4"
"","high","128.0","1552.0","11.0","4.0","20.9","0.1","0.9","333.1"
"","low","116.0","1474.0","10.0","2.0","11.0","0.0","1.0","267.6"
"Jaxon Smith-Njigba","SEA","110.9","1569.4","9.2","5.5","30.4","0.1","1.1","268.7"
"","high","116.7","1618.0","11.0","7.0","36.0","0.2","1.0","311.1"
"","low","105.0","1521.0","8.0","4.6","25.2","0.0","1.2","265.5"
"Amon-Ra St. Brown","DET","117.4","1390.2","10.5","3.1","11.8","0.0","0.4","261.1"
"","high","119.0","1425.6","11.0","4.0","14.0","0.1","0.0","317.3"
"","low","115.0","1368.0","10.0","2.3","8.0","0.0","0.8","253.7"
"Drake London","ATL","101.7","1327.6","9.1","0.0","0.0","0.0","1.0","236.2"
"","high","104.0","1421.0","13.0","0.0","0.0","0.0","0.9","273.6"
"","low","99.0","1249.7","7.0","0.0","0.0","0.0","1.0","218.5"
"Rashee Rice","KC","99.1","1100.6","9.7","5.4","25.6","0.9","0.6","224.5"
"","high","105.0","1133.9","13.0","8.3","42.8","2.0","0.0","251.3"
"","low","96.0","1051.0","7.0","0.0","0.0","0.0","1.2","224.2"
"CeeDee Lamb","DAL","97.5","1295.8","7.5","2.4","12.6","0.0","0.3","224.3"
"","high","103.4","1375.5","8.6","5.0","25.0","0.1","0.0","257.9"
"","low","87.0","1177.0","6.0","0.0","0.0","0.0","0.7","209.7"
"Justin Jefferson","MIN","98.6","1310.9","7.1","1.3","5.5","0.0","0.3","223.2"
"","high","110.7","1375.7","7.4","2.0","10.6","0.1","0.0","267.6"
"","low","90.0","1269.0","7.0","0.0","0.0","0.0","0.7","209.3"
"Chris Olave","NO","95.4","1195.5","7.9","0.3","0.0","0.0","0.3","213.9"
"","high","98.0","1242.0","10.0","1.0","0.0","0.0","0.0","252.9"
"","low","91.3","1147.0","6.7","0.0","0.0","0.0","0.6","206.9"
"A.J. Brown","NE","87.7","1221.7","7.7","0.0","0.0","0.0","0.3","211.3"
"","high","91.0","1296.0","9.0","0.0","0.0","0.0","0.0","244.3"
"","low","86.0","1155.0","7.0","0.0","0.0","0.0","0.6","206.4"
"Nico Collins","HOU","82.6","1229.9","7.6","1.4","8.3","0.4","0.8","211.1"
"","high","86.7","1298.0","9.0","2.1","13.0","1.0","0.7","241.4"
"","low","79.0","1186.0","6.8","0.0","0.0","0.0","1.0","203.6"
"George Pickens","DAL","82.5","1200.5","8.4","0.3","0.0","0.0","0.4","210.7"
"","high","94.0","1388.0","10.0","1.0","0.0","0.0","0.0","232.3"
"","low","74.0","1102.0","7.0","0.0","0.0","0.0","0.9","200.2"
"Zay Flowers","BAL","81.2","1157.5","6.5","9.9","58.8","0.5","1.5","201.2"
"","high","83.0","1184.0","8.0","10.0","60.0","1.0","1.0","233.7"
"","low","79.0","1117.0","5.5","9.8","57.4","0.0","2.0","197.7"
"Malik Nabers","NYG","81.0","1083.5","8.4","2.8","8.3","0.1","0.4","199.8"
"","high","86.1","1136.4","11.0","4.5","22.9","0.2","0.0","230.7"
"","low","76.0","1037.0","7.0","0.0","0.0","0.0","0.8","200.4"
"Garrett Wilson","NYJ","96.3","1095.4","6.4","1.1","4.3","0.0","1.0","194.7"
"","high","100.0","1176.3","9.0","2.2","10.8","0.1","1.0","243.7"
"","low","89.0","955.0","5.0","0.0","0.0","0.0","1.1","187.2"
"Tetairoa McMillan","CAR","81.2","1146.0","6.6","0.0","0.0","0.0","0.9","193.1"
"","high","83.6","1185.0","8.0","0.0","0.0","0.0","0.8","223.7"
"","low","78.0","1081.0","5.9","0.0","0.0","0.0","1.0","193.5"
"DeVonta Smith","PHI","87.8","1135.0","6.0","0.0","0.0","0.0","0.3","192.9"
"","high","90.5","1153.0","6.1","0.0","0.0","0.0","0.0","233.6"
"","low","83.0","1122.0","6.0","0.0","0.0","0.0","0.6","185.9"
"Emeka Egbuka","TB","73.2","1098.4","7.5","1.4","7.3","0.0","0.3","191.7"
"","high","78.0","1127.3","8.0","2.2","11.9","0.1","0.0","222.2"
"","low","69.6","1046.0","7.0","0.0","0.0","0.0","0.6","188.6"
"Davante Adams","LAR","68.8","926.2","10.2","0.0","0.0","0.0","0.2","187.9"
"","high","70.0","1016.5","10.6","0.0","0.0","0.0","0.0","220.5"
"","low","67.5","851.0","10.0","0.0","0.0","0.0","0.4","172.4"
"Tee Higgins","CIN","70.8","965.4","9.1","0.0","0.0","0.0","0.2","186.3"
"","high","74.0","1034.0","11.0","0.0","0.0","0.0","0.0","206.5"
"","low","65.0","906.0","8.0","0.0","0.0","0.0","0.4","181.5"
"Jameson Williams","DET","64.4","1065.1","6.6","7.3","42.0","0.5","0.2","185.0"
"","high","66.0","1088.0","7.0","8.0","45.1","1.0","0.0","220.2"
"","low","63.0","1026.2","5.7","7.0","39.0","0.0","0.4","176.4"
"Ladd McConkey","LAC","79.2","1010.1","6.8","0.0","0.0","0.0","0.3","180.7"
"","high","82.0","1039.4","8.0","0.0","0.0","0.0","0.0","209.2"
"","low","76.0","956.0","6.0","0.0","0.0","0.0","0.6","181.0"
"Terry McLaurin","WAS","69.0","972.8","7.4","0.3","0.3","0.0","0.3","175.4"
"","high","77.0","1053.4","10.0","1.0","1.0","0.0","0.0","196.7"
"","low","65.0","928.0","6.0","0.0","0.0","0.0","0.6","176.2"
"Rome Odunze","CHI","62.4","963.3","7.8","0.3","1.3","0.0","0.3","173.9"
"","high","65.0","1029.0","8.4","1.0","4.0","0.0","0.0","200.2"
"","low","59.3","916.0","7.0","0.0","0.0","0.0","0.6","162.2"
"DJ Moore","BUF","69.4","905.1","7.0","10.3","54.0","0.5","0.8","173.8"
"","high","71.0","955.0","8.0","16.0","81.0","1.0","0.6","206.2"
"","low","67.2","815.0","6.0","6.9","36.0","0.0","1.0","161.7"
"Jaylen Waddle","DEN","74.2","992.2","6.0","1.7","12.4","0.0","0.3","173.1"
"","high","76.6","996.0","6.0","3.0","25.0","0.1","0.0","207.8"
"","low","72.0","987.0","6.0","0.0","0.0","0.0","0.7","164.1"
"Luther Burden III","CHI","72.7","973.1","5.7","7.7","38.2","0.1","0.3","171.7"
"","high","75.1","1056.0","6.0","9.1","49.5","0.4","0.0","203.2"
"","low","70.0","926.0","5.1","6.0","32.0","0.0","0.7","167.2"
"Mike Evans","SF","67.4","950.7","7.0","0.0","0.0","0.0","0.2","170.1"
"","high","76.0","994.0","8.0","0.0","0.0","0.0","0.0","205.7"
"","low","57.1","903.2","5.9","0.0","0.0","0.0","0.4","159.1"
"Christian Watson","GB","57.6","930.4","7.3","1.7","8.0","0.0","0.3","166.4"
"","high","65.0","982.0","8.0","3.0","13.1","0.1","0.0","201.5"
"","low","53.0","866.1","7.0","0.0","0.0","0.0","0.5","159.1"
"Courtland Sutton","DEN","67.4","884.7","7.2","0.0","0.0","0.0","0.2","164.9"
"","high","70.0","911.0","7.6","0.0","0.0","0.0","0.0","192.0"
"","low","63.0","848.0","7.0","0.0","0.0","0.0","0.5","158.7"
"Alec Pierce","IND","56.5","977.3","6.4","0.0","0.0","0.0","0.3","164.0"
"","high","60.6","1067.0","9.0","0.0","0.0","0.0","0.0","180.3"
"","low","49.0","917.0","5.0","0.0","0.0","0.0","0.5","154.4"
"Marvin Harrison Jr.","ARI","67.3","945.4","6.0","0.0","0.0","0.0","0.3","163.6"
"","high","69.0","954.1","7.0","0.0","0.0","0.0","0.0","194.9"
"","low","64.0","933.0","5.0","0.0","0.0","0.0","0.6","158.7"
"DK Metcalf","PIT","64.3","926.8","6.1","0.7","3.3","0.3","0.2","163.1"
"","high","67.0","944.5","6.2","2.0","10.0","1.0","0.0","196.0"
"","low","61.0","892.0","6.0","0.0","0.0","0.0","0.5","155.1"
"Parker Washington","JAC","62.6","863.2","5.7","5.0","13.6","0.1","0.4","153.1"
"","high","63.8","925.0","7.0","8.0","38.9","0.3","0.0","173.7"
"","low","62.0","814.0","5.0","0.0","0.0","0.0","0.8","154.8"
"Brian Thomas Jr.","JAC","58.0","871.6","5.4","2.7","17.7","0.4","0.2","152.1"
"","high","61.0","942.0","6.0","4.0","30.0","1.0","0.0","168.2"
"","low","56.0","812.0","5.0","0.0","0.0","0.0","0.3","148.6"
"Michael Pittman Jr.","PIT","80.5","806.1","5.0","0.0","0.0","0.0","0.3","150.1"
"","high","88.4","877.0","6.0","0.0","0.0","0.0","0.0","195.9"
"","low","76.0","678.0","3.9","0.0","0.0","0.0","0.7","134.2"
"Carnell Tate","TEN","65.2","887.2","4.5","0.7","3.0","0.0","1.4","145.8"
"","high","74.5","1023.7","5.0","2.0","9.0","0.0","0.8","181.8"
"","low","56.0","771.0","4.0","0.0","0.0","0.0","2.0","121.6"
"Jayden Reed","GB","63.1","757.7","4.8","12.0","86.9","0.1","0.4","144.8"
"","high","66.0","815.0","5.0","16.0","128.0","0.4","0.0","182.9"
"","low","60.0","727.2","4.4","9.0","64.8","0.0","0.8","132.6"
"Jakobi Meyers","JAC","68.3","787.7","5.1","4.3","22.7","0.1","0.8","144.6"
"","high","69.8","814.0","5.2","6.0","32.0","0.3","0.6","177.7"
"","low","67.0","767.1","5.0","3.0","17.0","0.0","1.0","135.1"
"Quentin Johnston","LAC","53.6","757.0","6.9","1.7","5.9","0.0","0.7","143.1"
"","high","58.0","786.0","9.0","3.0","10.8","0.1","0.5","158.5"
"","low","50.0","707.0","5.6","0.0","0.0","0.0","1.0","139.4"
"Michael Wilson","ARI","67.5","826.4","4.5","0.0","0.7","0.0","0.2","142.8"
"","high","70.6","860.3","6.0","0.0","2.0","0.0","0.0","173.0"
"","low","66.0","797.0","3.4","0.0","0.0","0.0","0.4","139.7"
"Chris Godwin Jr.","TB","67.8","773.9","5.2","0.3","0.3","0.0","0.3","141.8"
"","high","75.0","842.0","6.0","1.0","1.0","0.0","0.0","175.8"
"","low","60.4","700.7","4.5","0.0","0.0","0.0","0.6","130.9"
"Jordan Addison","MIN","55.2","758.4","5.4","2.7","37.1","0.4","0.2","141.3"
"","high","60.5","770.3","6.0","3.0","78.0","1.0","0.0","163.9"
"","low","50.0","736.0","5.0","2.0","14.4","0.0","0.4","137.6"
"Xavier Worthy","KC","55.2","722.7","4.2","15.5","99.4","0.9","0.2","139.9"
"","high","57.0","789.2","4.6","22.0","146.0","1.0","0.0","167.2"
"","low","53.0","644.0","4.0","12.0","76.0","0.6","0.3","118.6"
"Deebo Samuel Sr.","SF","58.3","666.2","4.5","29.1","111.7","1.1","0.4","139.6"
"","high","65.0","681.4","5.0","36.0","114.0","1.1","0.0","138.6"
"","low","51.5","651.0","4.0","22.1","109.4","1.0","0.8","125.1"
"Wan'Dale Robinson","TEN","79.9","805.6","3.0","2.0","9.5","0.1","0.3","139.1"
"","high","84.0","823.8","4.0","4.1","22.5","0.2","0.0","176.1"
"","low","77.0","796.0","2.0","0.0","0.0","0.0","0.6","134.0"
"Matthew Golden","GB","55.9","758.7","4.6","5.5","27.3","0.1","0.4","133.5"
"","high","66.7","870.1","5.0","12.0","57.0","0.2","0.0","155.1"
"","low","47.0","702.0","4.0","0.0","0.0","0.0","0.7","116.9"
"Stefon Diggs","WAS","67.0","747.5","4.2","0.3","0.7","0.0","0.2","132.7"
"","high","71.1","766.0","5.0","1.0","2.0","0.0","0.0","171.1"
"","low","62.0","726.4","3.5","0.0","0.0","0.0","0.5","124.5"
"Rashid Shaheed","SEA","49.9","755.8","3.8","13.4","88.9","0.3","0.8","131.8"
"","high","57.0","865.0","4.0","13.8","91.0","0.5","0.6","129.0"
"","low","42.8","646.5","3.5","13.0","86.7","0.0","1.0","126.6"
"Khalil Shakir","BUF","69.7","726.3","3.9","1.1","5.5","0.0","0.8","130.1"
"","high","72.0","766.0","4.0","2.3","12.5","0.1","0.6","171.4"
"","low","67.0","648.0","3.7","0.0","0.0","0.0","1.0","112.8"
"KC Concepcion","CLE","60.0","779.1","3.6","4.2","22.5","0.1","1.3","129.6"
"","high","62.0","831.0","4.0","6.4","35.0","0.2","0.7","126.1"
"","low","58.1","727.2","3.2","2.0","10.0","0.0","2.0","123.0"
"Josh Downs","IND","68.8","704.9","4.2","1.4","4.2","0.0","0.8","129.3"
"","high","70.5","711.0","6.0","2.1","10.7","0.1","0.6","163.1"
"","low","68.0","696.8","2.7","0.0","0.0","0.0","1.0","121.7"
"Romeo Doubs","NE","55.2","712.3","5.1","0.0","0.0","0.0","0.3","128.9"
"","high","58.0","759.0","5.3","0.0","0.0","0.0","0.0","162.5"
"","low","52.6","665.9","5.0","0.0","0.0","0.0","0.5","120.6"
"Jalen Coker","CAR","60.7","717.5","4.5","0.0","0.0","0.0","0.8","127.4"
"","high","61.4","746.0","6.0","0.0","0.0","0.0","0.6","130.3"
"","low","60.0","689.0","3.0","0.0","0.0","0.0","1.0","116.2"
"De'Zhaun Stribling","SF","51.3","751.5","4.5","1.5","6.5","0.0","1.2","125.8"
"","high","60.0","857.0","5.0","3.0","13.0","0.0","0.4","129.7"
"","low","42.7","646.1","3.9","0.0","0.0","0.0","2.0","113.3"
"Calvin Ridley","TEN","46.7","762.4","3.2","4.5","27.6","0.6","0.2","124.8"
"","high","50.0","847.0","3.4","6.1","32.1","1.0","0.0","123.3"
"","low","43.4","677.8","3.0","3.0","23.0","0.3","0.4","115.4"
"Makai Lemon","PHI","52.8","738.2","4.4","1.5","6.5","0.0","1.3","124.5"
"","high","53.0","741.4","4.7","3.0","13.0","0.0","0.5","128.5"
"","low","52.5","735.0","4.0","0.0","0.0","0.0","2.0","112.4"
"Tank Dell","HOU","52.7","680.3","3.9","10.2","48.8","0.1","0.3","123.0"
"","high","55.4","688.7","4.0","12.0","53.0","0.2","0.0","123.8"
"","low","50.0","672.0","3.9","8.4","44.7","0.0","0.5","110.3"
"Denzel Boston","CLE","57.4","741.5","3.5","1.0","5.0","0.0","1.3","121.7"
"","high","60.0","800.0","4.0","2.0","10.0","0.0","0.6","120.7"
"","low","54.9","683.0","3.0","0.0","0.0","0.0","2.0","114.5"
"Jerry Jeudy","CLE","54.7","747.4","2.9","0.5","2.0","0.0","0.7","118.1"
"","high","58.0","785.0","3.0","1.0","4.0","0.0","0.5","114.3"
"","low","51.4","709.8","2.8","0.0","0.0","0.0","1.0","113.4"
"Tre Tucker","LV","50.2","635.6","3.8","11.2","52.6","0.2","0.1","117.2"
"","high","52.0","658.3","5.0","12.0","57.3","0.3","0.0","114.7"
"","low","48.4","613.0","2.5","10.4","48.0","0.0","0.3","109.1"
"Rashod Bateman","BAL","38.8","598.6","6.0","0.0","0.0","0.0","0.2","114.9"
"","high","40.0","614.3","8.0","0.0","0.0","0.0","0.0","117.4"
"","low","37.7","583.0","4.0","0.0","0.0","0.0","0.3","104.2"
"Keenan Allen","IND","58.6","607.3","3.8","0.0","0.0","0.0","0.3","112.5"
"","high","62.0","675.0","5.0","0.0","0.0","0.0","0.0","117.3"
"","low","55.1","539.5","2.7","0.0","0.0","0.0","0.6","98.6"
"Jalen McMillan","TB","46.6","607.3","3.9","4.7","26.8","0.1","0.2","110.5"
"","high","47.3","626.0","4.0","5.0","29.0","0.2","0.0","109.0"
"","low","46.0","588.6","3.9","4.4","24.6","0.0","0.4","101.3"
"Jauan Jennings","MIN","48.7","557.7","5.2","0.0","0.0","0.0","0.7","109.7"
"","high","51.0","629.0","7.0","0.0","0.0","0.0","0.5","119.4"
"","low","46.5","486.3","3.3","0.0","0.0","0.0","1.0","92.5"
"Jalen Nailor","LV","43.7","591.2","4.5","2.0","8.5","0.0","0.2","108.6"
"","high","44.3","607.4","6.0","2.1","11.0","0.1","0.0","106.8"
"","low","43.0","575.0","3.0","2.0","6.0","0.0","0.4","101.7"
"Ja'Kobi Lane","BAL","37.8","569.3","5.2","1.5","8.5","0.0","0.7","106.8"
"","high","44.0","654.0","7.0","3.0","17.0","0.0","0.3","115.9"
"","low","31.5","484.6","3.5","0.0","0.0","0.0","1.0","87.8"
"Devaughn Vele","NO","47.3","567.7","3.7","0.0","0.0","0.0","0.2","102.1"
"","high","49.5","591.0","4.0","0.0","0.0","0.0","0.0","97.9"
"","low","45.0","544.4","3.4","0.0","0.0","0.0","0.4","97.6"
"Cooper Kupp","SEA","47.4","584.8","3.4","0.5","1.5","0.0","0.7","101.5"
"","high","57.0","698.0","4.0","1.0","3.0","0.0","0.3","108.7"
"","low","37.9","471.7","2.8","0.0","0.0","0.0","1.0","87.4"
"Adonai Mitchell","NYJ","39.7","548.8","3.3","2.1","5.1","0.1","0.7","94.0"
"","high","41.5","617.5","3.6","2.2","11.2","0.1","0.5","105.1"
"","low","38.0","480.0","3.0","2.0","-1.0","0.0","1.0","74.9"
"Caleb Douglas","MIA","44.3","589.8","2.2","0.0","0.0","0.0","0.5","93.2"
"","high","44.3","589.8","2.2","0.0","0.0","0.0","0.5","93.5"
"","low","44.3","589.8","2.2","0.0","0.0","0.0","0.5","93.5"
"Kayshon Boutte","NE","33.2","501.5","4.3","0.0","0.0","0.0","0.1","92.5"
"","high","36.0","589.0","6.0","0.0","0.0","0.0","0.0","102.6"
"","low","30.3","414.0","2.7","0.0","0.0","0.0","0.3","73.8"
"Jaylin Noel","HOU","41.6","484.3","3.4","5.1","17.6","0.1","0.2","91.1"
"","high","43.3","493.7","4.0","6.0","22.2","0.1","0.0","90.8"
"","low","40.0","475.0","2.7","4.2","13.0","0.0","0.5","82.8"
"Travis Hunter","JAC","41.6","496.6","3.3","2.0","10.8","0.1","0.4","91.0"
"","high","41.6","496.6","3.3","2.0","10.8","0.1","0.4","92.3"
"","low","41.6","496.6","3.3","2.0","10.8","0.1","0.4","92.3"
"Malik Washington","MIA","45.6","414.2","2.4","13.5","80.3","0.7","0.8","89.2"
"","high","46.0","479.4","3.0","14.0","83.0","1.0","0.6","93.5"
"","low","45.2","349.0","1.8","12.9","77.7","0.4","1.0","74.8"
"Germie Bernard","PIT","41.2","507.7","2.9","2.1","10.8","0.0","0.7","88.6"
"","high","42.0","511.0","3.0","2.2","11.7","0.1","0.4","89.0"
"","low","40.4","504.4","2.8","2.0","10.0","0.0","1.0","80.6"
"Dontayvion Wicks","PHI","39.5","517.8","2.9","0.0","0.0","0.0","0.4","88.2"
"","high","39.5","517.8","2.9","0.0","0.0","0.0","0.4","88.5"
"","low","39.5","517.8","2.9","0.0","0.0","0.0","0.4","88.5"
"Jordyn Tyson","NO","37.8","529.1","2.9","0.5","3.5","0.0","0.7","87.9"
"","high","40.0","574.0","3.0","1.0","7.0","0.0","0.4","83.1"
"","low","35.6","484.2","2.7","0.0","0.0","0.0","1.0","82.9"
"Bub Means","NO","38.0","519.0","3.0","1.0","6.0","0.0","1.0","87.5"
"","high","38.0","519.0","3.0","1.0","6.0","0.0","1.0","79.0"
"","low","38.0","519.0","3.0","1.0","6.0","0.0","1.0","79.0"
"Antonio Williams","WAS","35.5","497.2","3.1","3.5","18.7","0.1","1.2","86.4"
"","high","45.0","650.0","4.0","4.1","22.4","0.2","0.3","93.7"
"","low","25.9","344.5","2.3","3.0","15.0","0.0","2.0","69.6"
"Darius Slayton","NYG","35.8","526.4","2.0","1.6","8.6","0.0","0.7","82.3"
"","high","40.0","613.0","2.0","2.2","12.2","0.1","0.4","80.9"
"","low","31.5","439.9","2.0","1.0","5.0","0.0","1.0","75.1"
"Tyquan Thornton","KC","25.4","467.1","3.5","0.0","0.0","0.0","0.1","80.1"
"","high","27.0","575.0","4.0","0.0","0.0","0.0","0.0","85.7"
"","low","23.8","359.3","3.0","0.0","0.0","0.0","0.2","66.4"
"Tory Horton","SEA","30.3","401.5","4.2","0.5","3.0","0.0","0.6","79.3"
"","high","39.0","504.0","6.0","1.0","6.0","0.0","0.2","90.2"
"","low","21.6","299.0","2.3","0.0","0.0","0.0","1.0","59.0"
"Troy Franklin","DEN","36.5","402.7","3.4","3.0","10.8","0.0","0.6","79.0"
"","high","56.0","589.0","5.0","4.0","11.0","0.1","0.2","96.2"
"","low","17.0","216.4","1.8","2.1","10.6","0.0","1.0","52.0"
"Chris Bell","MIA","35.4","445.9","2.6","1.0","5.5","0.0","0.6","77.1"
"","high","47.0","582.0","4.0","2.0","11.0","0.0","0.2","89.7"
"","low","23.8","309.8","1.2","0.0","0.0","0.0","1.0","55.3"
"Xavier Legette","CAR","35.9","417.5","2.6","2.1","10.8","0.1","0.4","75.8"
"","high","35.9","417.5","2.6","2.1","10.8","0.1","0.4","76.2"
"","low","35.9","417.5","2.6","2.1","10.8","0.1","0.4","76.2"
"Omar Cooper Jr.","NYJ","34.6","410.3","2.9","2.1","12.5","0.1","0.6","75.8"
"","high","44.0","520.0","4.0","2.2","13.0","0.1","0.3","83.3"
"","low","25.2","300.7","1.7","2.0","12.0","0.0","1.0","59.4"
"Jahan Dotson","ATL","35.2","443.3","2.3","0.0","0.0","0.0","0.3","74.9"
"","high","35.2","443.3","2.3","0.0","0.0","0.0","0.3","75.2"
"","low","35.2","443.3","2.3","0.0","0.0","0.0","0.3","75.2"
"Xavier Hutchinson","HOU","34.0","423.4","2.2","2.1","14.2","0.0","0.1","74.2"
"","high","43.0","536.0","3.0","2.1","16.0","0.1","0.0","81.0"
"","low","25.0","310.8","1.5","2.0","12.4","0.0","0.2","58.4"
"Christian Kirk","SF","34.5","406.4","2.6","0.0","0.0","0.0","0.1","73.2"
"","high","56.0","637.0","4.0","0.0","0.0","0.0","0.0","96.3"
"","low","13.1","175.7","1.1","0.0","0.0","0.0","0.1","41.5"
"Tre' Harris","LAC","34.5","410.5","2.5","0.0","0.0","0.0","0.4","72.5"
"","high","34.5","410.5","2.5","0.0","0.0","0.0","0.4","72.6"
"","low","34.5","410.5","2.5","0.0","0.0","0.0","0.4","72.6"
"Isaac TeSlaa","DET","25.4","352.4","4.1","0.0","0.0","0.0","0.1","72.4"
"","high","27.0","404.0","5.0","0.0","0.0","0.0","0.0","74.7"
"","low","23.8","300.7","3.2","0.0","0.0","0.0","0.2","61.8"
"Ryan Flournoy","DAL","33.8","383.0","2.7","2.2","12.4","0.1","0.4","72.3"
"","high","33.8","383.0","2.7","2.2","12.4","0.1","0.4","72.4"
"","low","33.8","383.0","2.7","2.2","12.4","0.1","0.4","72.4"
"Jalen Tolbert","MIA","33.9","420.3","1.7","0.0","0.0","0.0","0.3","68.5"
"","high","33.9","420.3","1.7","0.0","0.0","0.0","0.3","68.7"
"","low","33.9","420.3","1.7","0.0","0.0","0.0","0.3","68.7"
"Ted Hurst III","TB","29.4","389.9","2.6","1.0","6.5","0.0","0.6","68.5"
"","high","36.0","485.0","3.0","2.0","13.0","0.0","0.2","69.7"
"","low","22.8","294.7","2.1","0.0","0.0","0.0","1.0","56.9"
"Malik Benson","LV","33.7","401.2","1.9","1.0","4.0","0.0","0.6","67.6"
"","high","48.0","558.0","3.0","2.0","8.0","0.0","0.2","79.9"
"","low","19.4","244.4","0.8","0.0","0.0","0.0","1.0","45.8"
"Hollywood Brown","PHI","28.2","349.4","3.0","0.0","0.0","0.0","0.1","67.0"
"","high","44.0","545.0","5.0","0.0","0.0","0.0","0.0","91.1"
"","low","12.4","153.8","1.0","0.0","0.0","0.0","0.1","35.4"
"Elic Ayomanor","TEN","25.4","342.8","3.3","0.0","0.0","0.0","0.0","66.8"
"","high","42.0","570.0","6.0","0.0","0.0","0.0","0.0","97.7"
"","low","8.8","115.6","0.6","0.0","0.0","0.0","0.1","27.8"
"Andrei Iosivas","CIN","27.8","352.4","2.6","2.5","11.0","0.0","0.1","65.6"
"","high","35.0","470.0","3.0","3.0","11.1","0.1","0.0","69.9"
"","low","20.5","234.8","2.1","2.0","11.0","0.0","0.2","51.5"
"Chimere Dike","TEN","27.8","271.6","3.4","10.1","33.7","0.3","0.6","65.3"
"","high","45.0","431.0","6.0","10.2","50.3","0.6","0.2","83.9"
"","low","10.6","112.2","0.8","10.0","17.0","0.0","1.0","42.7"
"Zachariah Branch","ATL","31.4","381.7","1.9","0.0","0.0","0.0","0.3","64.6"
"","high","31.4","381.7","1.9","0.0","0.0","0.0","0.3","66.8"
"","low","31.4","381.7","1.9","0.0","0.0","0.0","0.3","66.8"
"Keon Coleman","BUF","24.4","337.7","2.8","0.0","0.0","0.0","0.2","62.4"
"","high","24.4","337.7","2.8","0.0","0.0","0.0","0.2","63.2"
"","low","24.4","337.7","2.8","0.0","0.0","0.0","0.2","63.2"
"Pat Bryant","DEN","28.4","320.5","2.1","0.0","0.0","0.0","0.3","58.4"
"","high","28.4","320.5","2.1","0.0","0.0","0.0","0.3","58.6"
"","low","28.4","320.5","2.1","0.0","0.0","0.0","0.3","58.6"
"Joshua Palmer","BUF","25.9","342.7","1.6","0.0","0.0","0.0","0.1","56.8"
"","high","35.0","480.0","2.0","0.0","0.0","0.0","0.0","64.0"
"","low","16.9","205.4","1.2","0.0","0.0","0.0","0.2","40.9"
"Ashton Dulin","IND","17.5","338.3","1.3","5.1","46.1","0.1","0.1","55.3"
"","high","25.0","551.0","2.0","6.0","66.0","0.2","0.0","69.8"
"","low","10.0","125.5","0.6","4.2","26.3","0.0","0.1","28.6"
"Marvin Mims Jr.","DEN","24.1","273.1","1.6","8.2","45.2","0.3","0.4","54.8"
"","high","24.1","273.1","1.6","8.2","45.2","0.3","0.4","57.9"
"","low","24.1","273.1","1.6","8.2","45.2","0.3","0.4","57.9"
"KaVontae Turpin","DAL","18.1","229.5","1.7","17.8","103.2","0.4","0.4","54.5"
"","high","18.1","229.5","1.7","17.8","103.2","0.4","0.4","57.7"
"","low","18.1","229.5","1.7","17.8","103.2","0.4","0.4","57.7"
"Olamide Zaccheaus","ATL","30.1","276.7","1.8","1.5","9.5","0.0","0.1","54.4"
"","high","46.0","411.0","3.0","3.0","19.0","0.0","0.0","67.1"
"","low","14.3","142.3","0.6","0.0","0.0","0.0","0.2","33.1"
"Darnell Mooney","NYG","21.4","309.0","1.7","2.2","11.9","0.1","0.2","52.9"
"","high","21.4","309.0","1.7","2.2","11.9","0.1","0.2","53.0"
"","low","21.4","309.0","1.7","2.2","11.9","0.1","0.2","53.0"
"Jack Bech","LV","27.7","315.0","1.2","0.0","0.0","0.0","0.3","52.0"
"","high","27.7","315.0","1.2","0.0","0.0","0.0","0.3","52.1"
"","low","27.7","315.0","1.2","0.0","0.0","0.0","0.3","52.1"
"DeMario Douglas","NE","22.7","270.9","1.5","4.1","21.4","0.2","0.3","50.0"
"","high","22.7","270.9","1.5","4.1","21.4","0.2","0.3","50.1"
"","low","22.7","270.9","1.5","4.1","21.4","0.2","0.3","50.1"
"Savion Williams","GB","20.5","230.8","1.7","9.0","46.9","0.3","0.3","49.5"
"","high","20.5","230.8","1.7","9.0","46.9","0.3","0.3","50.4"
"","low","20.5","230.8","1.7","9.0","46.9","0.3","0.3","50.4"
"Calvin Austin III","NYG","19.6","261.7","2.2","0.0","0.0","0.0","0.0","49.0"
"","high","33.0","449.0","4.0","0.0","0.0","0.0","0.0","69.8"
"","low","6.1","74.4","0.4","0.0","0.0","0.0","0.1","19.7"
"Jahdae Walker","CHI","17.6","233.3","2.7","0.5","3.5","0.0","0.0","48.4"
"","high","32.0","431.0","5.0","1.0","7.0","0.0","0.0","73.8"
"","low","3.2","35.5","0.3","0.0","0.0","0.0","0.0","14.3"
"Malachi Fields","NYG","23.0","279.9","1.5","0.0","0.0","0.0","0.2","48.2"
"","high","23.0","279.9","1.5","0.0","0.0","0.0","0.2","48.4"
"","low","23.0","279.9","1.5","0.0","0.0","0.0","0.2","48.4"
"Tutu Atwell","MIA","21.8","311.6","0.5","2.2","11.4","0.1","0.2","46.1"
"","high","21.8","311.6","0.5","2.2","11.4","0.1","0.2","46.2"
"","low","21.8","311.6","0.5","2.2","11.4","0.1","0.2","46.2"
"Cedric Tillman","CLE","18.5","235.6","2.1","0.0","-0.5","0.0","0.0","45.3"
"","high","34.0","438.0","4.0","0.0","0.0","0.0","0.0","68.2"
"","low","3.0","33.2","0.2","0.0","-1.0","0.0","0.0","13.6"
"Demarcus Robinson","SF","17.6","253.0","1.7","0.5","2.5","0.0","0.0","44.3"
"","high","32.0","462.0","3.0","1.0","5.0","0.0","0.0","64.8"
"","low","3.3","44.1","0.3","0.0","0.0","0.0","0.0","15.0"
"Luke McCaffrey","WAS","14.4","221.1","2.3","0.0","0.0","0.0","0.0","42.7"
"","high","22.0","362.0","4.0","0.0","0.0","0.0","0.0","60.2"
"","low","6.7","80.3","0.5","0.0","0.0","0.0","0.1","18.9"
"Kendrick Bourne","ARI","22.8","239.2","0.7","0.0","0.0","0.0","0.2","38.9"
"","high","22.8","239.2","0.7","0.0","0.0","0.0","0.2","38.9"
"","low","22.8","239.2","0.7","0.0","0.0","0.0","0.2","38.9"
"Dyami Brown","WAS","15.9","216.9","1.6","0.0","0.0","0.0","0.2","38.8"
"","high","15.9","216.9","1.6","0.0","0.0","0.0","0.2","39.0"
"","low","15.9","216.9","1.6","0.0","0.0","0.0","0.2","39.0"
"Treylon Burks","WAS","15.0","217.8","1.4","0.0","0.0","0.0","0.1","37.2"
"","high","15.0","217.8","1.4","0.0","0.0","0.0","0.1","37.4"
"","low","15.0","217.8","1.4","0.0","0.0","0.0","0.1","37.4"
"Kalif Raymond","CHI","19.2","186.9","0.9","4.6","27.2","0.2","0.2","36.8"
"","high","19.2","186.9","0.9","4.6","27.2","0.2","0.2","38.4"
"","low","19.2","186.9","0.9","4.6","27.2","0.2","0.2","38.4"
"Devontez Walker","BAL","14.5","208.8","1.5","0.0","0.0","0.0","0.2","36.6"
"","high","14.5","208.8","1.5","0.0","0.0","0.0","0.2","36.7"
"","low","14.5","208.8","1.5","0.0","0.0","0.0","0.2","36.7"
"Cyrus Allen","KC","16.2","203.2","1.3","0.0","0.0","0.0","0.2","35.7"
"","high","16.2","203.2","1.3","0.0","0.0","0.0","0.2","35.9"
"","low","16.2","203.2","1.3","0.0","0.0","0.0","0.2","35.9"
"Isaiah Williams","NYJ","18.8","185.9","0.7","2.2","12.7","0.1","0.2","33.7"
"","high","18.8","185.9","0.7","2.2","12.7","0.1","0.2","37.4"
"","low","18.8","185.9","0.7","2.2","12.7","0.1","0.2","37.4"
"Colbie Young","CIN","14.1","176.3","1.3","0.0","0.0","0.0","0.1","32.4"
"","high","14.1","176.3","1.3","0.0","0.0","0.0","0.1","32.6"
"","low","14.1","176.3","1.3","0.0","0.0","0.0","0.1","32.6"
"Bryce Lance","NO","15.1","193.2","0.9","0.0","0.0","0.0","0.2","31.9"
"","high","15.1","193.2","0.9","0.0","0.0","0.0","0.2","32.0"
"","low","15.1","193.2","0.9","0.0","0.0","0.0","0.2","32.0"
"Zavion Thomas","CHI","12.5","153.5","1.2","0.0","0.0","0.0","0.1","28.6"
"","high","12.5","153.5","1.2","0.0","0.0","0.0","0.1","29.9"
"","low","12.5","153.5","1.2","0.0","0.0","0.0","0.1","29.9"
"Jaylin Lane","WAS","12.4","159.5","1.1","0.0","0.0","0.0","0.1","28.4"
"","high","12.4","159.5","1.1","0.0","0.0","0.0","0.1","31.1"
"","low","12.4","159.5","1.1","0.0","0.0","0.0","0.1","31.1"
"Elijah Sarratt","BAL","11.1","165.8","1.0","0.0","0.0","0.0","0.1","28.0"
"","high","11.1","165.8","1.0","0.0","0.0","0.0","0.1","28.1"
"","low","11.1","165.8","1.0","0.0","0.0","0.0","0.1","28.1"
"Kevin Coleman Jr.","MIA","13.5","170.2","0.4","0.0","0.0","0.0","0.1","26.1"
"","high","13.5","170.2","0.4","0.0","0.0","0.0","0.1","26.1"
"","low","13.5","170.2","0.4","0.0","0.0","0.0","0.1","26.1"
"Jordan Whittington","LAR","11.3","128.2","0.9","2.3","12.1","0.1","0.1","25.6"
"","high","11.3","128.2","0.9","2.3","12.1","0.1","0.1","26.0"
"","low","11.3","128.2","0.9","2.3","12.1","0.1","0.1","26.0"
"Isaiah Bond","CLE","9.9","130.3","0.8","4.3","23.6","0.1","0.1","25.5"
"","high","9.9","130.3","0.8","4.3","23.6","0.1","0.1","25.6"
"","low","9.9","130.3","0.8","4.3","23.6","0.1","0.1","25.6"
"Konata Mumpfield","LAR","9.9","126.7","1.1","0.0","0.0","0.0","0.1","24.2"
"","high","9.9","126.7","1.1","0.0","0.0","0.0","0.1","24.3"
"","low","9.9","126.7","1.1","0.0","0.0","0.0","0.1","24.3"
"Skyler Bell","BUF","10.1","136.5","0.8","0.0","0.0","0.0","0.1","23.3"
"","high","10.1","136.5","0.8","0.0","0.0","0.0","0.1","23.4"
"","low","10.1","136.5","0.8","0.0","0.0","0.0","0.1","23.4"
"Roman Wilson","PIT","11.8","135.1","0.6","0.0","0.0","0.0","0.1","22.9"
"","high","11.8","135.1","0.6","0.0","0.0","0.0","0.1","23.0"
"","low","11.8","135.1","0.6","0.0","0.0","0.0","0.1","23.0"
"Brenen Thompson","LAC","9.5","121.7","0.7","2.1","11.3","0.1","0.1","22.7"
"","high","9.5","121.7","0.7","2.1","11.3","0.1","0.1","22.8"
"","low","9.5","121.7","0.7","2.1","11.3","0.1","0.1","22.8"
"Mack Hollins","NE","10.8","126.6","0.8","0.0","0.0","0.0","0.1","22.6"
"","high","10.8","126.6","0.8","0.0","0.0","0.0","0.1","22.7"
"","low","10.8","126.6","0.8","0.0","0.0","0.0","0.1","22.7"
"Justin Watson","HOU","9.3","125.6","0.7","0.0","0.0","0.0","0.1","21.0"
"","high","9.3","125.6","0.7","0.0","0.0","0.0","0.1","21.2"
"","low","9.3","125.6","0.7","0.0","0.0","0.0","0.1","21.2"
"Odell Beckham Jr.","NYG","9.2","113.3","0.6","0.0","0.0","0.0","0.1","19.4"
"","high","9.2","113.3","0.6","0.0","0.0","0.0","0.1","19.5"
"","low","9.2","113.3","0.6","0.0","0.0","0.0","0.1","19.5"
"Kyle Williams","NE","6.4","91.4","0.6","4.1","22.4","0.2","0.1","18.8"
"","high","6.4","91.4","0.6","4.1","22.4","0.2","0.1","19.4"
"","low","6.4","91.4","0.6","4.1","22.4","0.2","0.1","19.4"
"Tez Johnson","TB","6.7","77.5","0.6","4.4","23.2","0.2","0.1","18.0"
"","high","6.7","77.5","0.6","4.4","23.2","0.2","0.1","18.2"
"","low","6.7","77.5","0.6","4.4","23.2","0.2","0.1","18.2"
"Jimmy Horn Jr.","CAR","6.7","75.6","0.4","6.2","36.7","0.2","0.1","17.8"
"","high","6.7","75.6","0.4","6.2","36.7","0.2","0.1","17.9"
"","low","6.7","75.6","0.4","6.2","36.7","0.2","0.1","17.9"
"Jalen Royals","KC","6.8","78.2","0.6","0.0","0.0","0.0","0.1","14.9"
"","high","6.8","78.2","0.6","0.0","0.0","0.0","0.1","15.0"
"","low","6.8","78.2","0.6","0.0","0.0","0.0","0.1","15.0"
"KeAndre Lambert-Smith","LAC","6.4","80.6","0.6","0.0","0.0","0.0","0.1","14.6"
"","high","6.4","80.6","0.6","0.0","0.0","0.0","0.1","14.9"
"","low","6.4","80.6","0.6","0.0","0.0","0.0","0.1","14.9"
"Nick Westbrook-Ikhine","IND","6.1","76.6","0.6","0.0","0.0","0.0","0.1","14.1"
"","high","6.1","76.6","0.6","0.0","0.0","0.0","0.1","14.2"
"","low","6.1","76.6","0.6","0.0","0.0","0.0","0.1","14.2"
"Mason Tipton","NO","6.8","80.5","0.3","0.0","0.0","0.0","0.1","13.3"
"","high","6.8","80.5","0.3","0.0","0.0","0.0","0.1","14.0"
"","low","6.8","80.5","0.3","0.0","0.0","0.0","0.1","14.0"
"Dont'e Thornton Jr.","LV","6.0","83.0","0.3","0.0","0.0","0.0","0.1","13.0"
"","high","6.0","83.0","0.3","0.0","0.0","0.0","0.1","13.0"
"","low","6.0","83.0","0.3","0.0","0.0","0.0","0.1","13.0"
"Greg Dortch","DET","4.1","39.7","0.3","4.6","24.0","0.4","0.1","12.1"
"","high","4.1","39.7","0.3","4.6","24.0","0.4","0.1","14.0"
"","low","4.1","39.7","0.3","4.6","24.0","0.4","0.1","14.0"
"Bo Melton","GB","2.9","37.4","0.3","4.5","25.9","0.1","0.1","10.0"
"","high","2.9","37.4","0.3","4.5","25.9","0.1","0.1","10.2"
"","low","2.9","37.4","0.3","4.5","25.9","0.1","0.1","10.2"
"Barion Brown","NO","4.6","57.3","0.3","0.0","0.0","0.0","0.1","9.5"
"","high","4.6","57.3","0.3","0.0","0.0","0.0","0.1","10.9"
"","low","4.6","57.3","0.3","0.0","0.0","0.0","0.1","10.9"
"Tyrell Shavers","BUF","4.0","52.1","0.3","0.0","0.0","0.0","0.0","8.9"
"","high","4.0","52.1","0.3","0.0","0.0","0.0","0.0","9.0"
"","low","4.0","52.1","0.3","0.0","0.0","0.0","0.0","9.0"
"Derius Davis","LAC","3.5","38.1","0.3","2.1","11.0","0.1","0.1","8.6"
"","high","3.5","38.1","0.3","2.1","11.0","0.1","0.1","9.9"
"","low","3.5","38.1","0.3","2.1","11.0","0.1","0.1","9.9"
"Malachi Corley","CLE","1.7","16.5","0.1","6.4","44.0","0.2","0.1","8.3"
"","high","1.7","16.5","0.1","6.4","44.0","0.2","0.1","8.7"
"","low","1.7","16.5","0.1","6.4","44.0","0.2","0.1","8.7"
"Mitch Tinsley","CIN","3.3","41.8","0.4","0.0","0.0","0.0","0.0","8.1"
"","high","3.3","41.8","0.4","0.0","0.0","0.0","0.0","8.1"
"","low","3.3","41.8","0.4","0.0","0.0","0.0","0.0","8.1"
"Xavier Smith","LAR","3.6","44.4","0.3","0.0","0.0","0.0","0.0","8.1"
"","high","3.6","44.4","0.3","0.0","0.0","0.0","0.0","9.8"
"","low","3.6","44.4","0.3","0.0","0.0","0.0","0.0","9.8"
"CJ Daniels","LAR","3.4","42.8","0.3","0.0","0.0","0.0","0.0","7.9"
"","high","3.4","42.8","0.3","0.0","0.0","0.0","0.0","7.9"
"","low","3.4","42.8","0.3","0.0","0.0","0.0","0.0","7.9"
"Tai Felton","MIN","3.7","37.1","0.2","0.0","0.0","0.0","0.0","6.9"
"","high","3.7","37.1","0.2","0.0","0.0","0.0","0.0","7.2"
"","low","3.7","37.1","0.2","0.0","0.0","0.0","0.0","7.2"
"Jonathan Mingo","DAL","2.9","40.6","0.3","0.0","0.0","0.0","0.0","6.9"
"","high","2.9","40.6","0.3","0.0","0.0","0.0","0.0","7.0"
"","low","2.9","40.6","0.3","0.0","0.0","0.0","0.0","7.0"
"Darius Cooper","PHI","3.3","37.7","0.3","0.0","0.0","0.0","0.0","6.8"
"","high","3.3","37.7","0.3","0.0","0.0","0.0","0.0","6.9"
"","low","3.3","37.7","0.3","0.0","0.0","0.0","0.0","6.9"
"Lewis Bond","HOU","3.3","39.7","0.2","0.0","0.0","0.0","0.0","6.6"
"","high","3.3","39.7","0.2","0.0","0.0","0.0","0.0","6.7"
"","low","3.3","39.7","0.2","0.0","0.0","0.0","0.0","6.7"
"Reggie Virgil","ARI","3.4","39.3","0.1","0.0","0.0","0.0","0.0","6.4"
"","high","3.4","39.3","0.1","0.0","0.0","0.0","0.0","6.4"
"","low","3.4","39.3","0.1","0.0","0.0","0.0","0.0","6.4"
"Brycen Tremayne","CAR","3.3","36.1","0.2","0.0","0.0","0.0","0.0","6.2"
"","high","3.3","36.1","0.2","0.0","0.0","0.0","0.0","6.3"
"","low","3.3","36.1","0.2","0.0","0.0","0.0","0.0","6.3"
"Arian Smith","NYJ","0.0","0.0","0.0","4.4","23.7","0.2","0.0","3.5"
"","high","0.0","0.0","0.0","4.4","23.7","0.2","0.0","3.5"
"","low","0.0","0.0","0.0","4.4","23.7","0.2","0.0","3.5"
"Ben Skowronek","PIT","1.8","17.0","0.1","0.0","0.0","0.0","0.0","3.0"
"","high","1.8","17.0","0.1","0.0","0.0","0.0","0.0","3.0"
"","low","1.8","17.0","0.1","0.0","0.0","0.0","0.0","3.0"
"Jalen Reagor","MIA","1.4","17.7","0.1","0.0","0.0","0.0","0.0","2.7"
"","high","1.4","17.7","0.1","0.0","0.0","0.0","0.0","2.7"
"","low","1.4","17.7","0.1","0.0","0.0","0.0","0.0","2.7"
"Kameron Johnson","TB","0.0","0.0","0.0","2.2","12.1","0.1","0.0","1.8"
"","high","0.0","0.0","0.0","2.2","12.1","0.1","0.0","3.6"
"","low","0.0","0.0","0.0","2.2","12.1","0.1","0.0","3.6"
"Kaden Wetjen","PIT","0.0","0.0","0.0","2.2","11.7","0.1","0.0","1.6"
"","high","0.0","0.0","0.0","2.2","11.7","0.1","0.0","4.1"
"","low","0.0","0.0","0.0","2.2","11.7","0.1","0.0","4.1"
"Laquon Treadwell","IND","0.0","0.0","0.0","0.0","0.0","0.0","0.0","0.0"
"","high","0.0","0.0","0.0","0.0","0.0","0.0","0.0","0.0"
"","low","0.0","0.0","0.0","0.0","0.0","0.0","0.0","0.0"
"David Moore","CAR","0.0","0.0","0.0","0.0","0.0","0.0","0.0","0.0"
"","high","0.0","0.0","0.0","0.0","0.0","0.0","0.0","0.0"
"","low","0.0","0.0","0.0","0.0","0.0","0.0","0.0","0.0"
"Braxton Berrios","NYG","0.0","0.0","0.0","0.0","0.0","0.0","0.0","0.0"
"","high","0.0","0.0","0.0","0.0","0.0","0.0","0.0","2.5"
"","low","0.0","0.0","0.0","0.0","0.0","0.0","0.0","2.5"
"Devin Duvernay","ARI","0.0","0.0","0.0","0.0","0.0","0.0","0.0","0.0"
"","high","0.0","0.0","0.0","0.0","0.0","0.0","0.0","0.8"
"","low","0.0","0.0","0.0","0.0","0.0","0.0","0.0","0.8"
"Mason Kinsey","TEN","0.0","0.0","0.0","0.0","0.0","0.0","0.0","0.0"
"","high","0.0","0.0","0.0","0.0","0.0","0.0","0.0","0.1"
"","low","0.0","0.0","0.0","0.0","0.0","0.0","0.0","0.1"
"Michael Bandy","DEN","0.0","0.0","0.0","0.0","0.0","0.0","0.0","0.0"
"","high","0.0","0.0","0.0","0.0","0.0","0.0","0.0","0.2"
"","low","0.0","0.0","0.0","0.0","0.0","0.0","0.0","0.2"
"Skyy Moore","GB","0.0","0.0","0.0","0.0","0.0","0.0","0.0","0.0"
"","high","0.0","0.0","0.0","0.0","0.0","0.0","0.0","0.4"
"","low","0.0","0.0","0.0","0.0","0.0","0.0","0.0","0.4"
"Britain Covey","PHI","0.0","0.0","0.0","0.0","0.0","0.0","0.0","0.0"
"","high","0.0","0.0","0.0","0.0","0.0","0.0","0.0","1.7"
"","low","0.0","0.0","0.0","0.0","0.0","0.0","0.0","1.7"
"Dareke Young","LV","0.0","0.0","0.0","0.0","0.0","0.0","0.0","0.0"
"","high","0.0","0.0","0.0","0.0","0.0","0.0","0.0","0.4"
"","low","0.0","0.0","0.0","0.0","0.0","0.0","0.0","0.4"
"Jacob Cowing","SF","0.0","0.0","0.0","0.0","0.0","0.0","0.0","0.0"
"","high","0.0","0.0","0.0","0.0","0.0","0.0","0.0","1.1"
"","low","0.0","0.0","0.0","0.0","0.0","0.0","0.0","1.1"
"Charlie Jones","CIN","0.0","0.0","0.0","0.0","0.0","0.0","0.0","0.0"
"","high","0.0","0.0","0.0","0.0","0.0","0.0","0.0","2.5"
"","low","0.0","0.0","0.0","0.0","0.0","0.0","0.0","2.5"
"Jalen Brooks","ARI","0.0","0.0","0.0","0.0","0.0","0.0","0.0","0.0"
"","high","0.0","0.0","0.0","0.0","0.0","0.0","0.0","0.3"
"","low","0.0","0.0","0.0","0.0","0.0","0.0","0.0","0.3"
"Nikko Remigio","KC","0.0","0.0","0.0","0.0","0.0","0.0","0.0","0.0"
"","high","0.0","0.0","0.0","0.0","0.0","0.0","0.0","1.4"
"","low","0.0","0.0","0.0","0.0","0.0","0.0","0.0","1.4"
"Anthony Gould","IND","0.0","0.0","0.0","0.0","0.0","0.0","0.0","0.0"
"","high","0.0","0.0","0.0","0.0","0.0","0.0","0.0","1.4"
"","low","0.0","0.0","0.0","0.0","0.0","0.0","0.0","1.4"
"Jeshaun Jones","MIN","0.0","0.0","0.0","0.0","0.0","0.0","0.0","0.0"
"","high","0.0","0.0","0.0","0.0","0.0","0.0","0.0","0.1"
"","low","0.0","0.0","0.0","0.0","0.0","0.0","0.0","0.1"
"Efton Chism III","NE","0.0","0.0","0.0","0.0","0.0","0.0","0.0","0.0"
"","high","0.0","0.0","0.0","0.0","0.0","0.0","0.0","0.5"
"","low","0.0","0.0","0.0","0.0","0.0","0.0","0.0","0.5"
"LaJohntay Wester","BAL","0.0","0.0","0.0","0.0","0.0","0.0","0.0","0.0"
"","high","0.0","0.0","0.0","0.0","0.0","0.0","0.0","1.9"
"","low","0.0","0.0","0.0","0.0","0.0","0.0","0.0","1.9"
"Ke'Shawn Williams","CIN","0.0","0.0","0.0","0.0","0.0","0.0","0.0","0.0"
"","high","0.0","0.0","0.0","0.0","0.0","0.0","0.0","1.0"
"","low","0.0","0.0","0.0","0.0","0.0","0.0","0.0","1.0"
"Myles Price","MIN","0.0","0.0","0.0","0.0","0.0","0.0","0.0","0.0"
"","high","0.0","0.0","0.0","0.0","0.0","0.0","0.0","2.0"
"","low","0.0","0.0","0.0","0.0","0.0","0.0","0.0","2.0"
"Gage Larvadain","CLE","0.0","0.0","0.0","0.0","0.0","0.0","0.0","0.0"
"","high","0.0","0.0","0.0","0.0","0.0","0.0","0.0","0.7"
"","low","0.0","0.0","0.0","0.0","0.0","0.0","0.0","0.7"
"Josh Cameron","JAC","0.0","0.0","0.0","0.0","0.0","0.0","0.0","0.0"
"","high","0.0","0.0","0.0","0.0","0.0","0.0","0.0","0.3"
"","low","0.0","0.0","0.0","0.0","0.0","0.0","0.0","0.3"
""
""