"Player","Team","ATT","CMP","YDS","TDS","INTS","ATT","YDS","TDS","FL","FPTS"
" ","","",""
"Josh Allen","BUF","491.9","333.4","3816.8","27.4","11.2","118.1","586.0","11.8","4.1","372.5"
"","high","508.7","340.1","3946.4","30.0","9.0","125.0","611.0","12.5","4.0","402.0"
"","low","479.0","326.0","3717.0","26.0","13.0","113.0","567.0","11.0","4.2","369.7"
"Lamar Jackson","BAL","448.9","291.9","3652.5","28.3","9.6","118.4","639.7","3.2","4.2","324.9"
"","high","475.0","304.0","3887.5","33.0","8.0","127.0","671.2","3.7","4.0","363.0"
"","low","405.0","269.0","3366.0","26.0","11.0","106.0","602.0","3.0","4.3","322.9"
"Drake Maye","NE","499.5","343.3","4027.0","28.0","10.4","99.3","493.0","3.7","5.6","323.0"
"","high","519.6","355.0","4140.0","29.0","9.0","101.0","531.9","4.1","5.1","349.0"
"","low","474.0","327.0","3845.0","27.0","11.2","96.0","433.0","3.0","6.0","319.4"
"Jayden Daniels","WAS","492.8","322.3","3681.6","23.8","11.0","130.0","685.3","4.7","2.8","322.5"
"","high","519.4","346.8","3850.7","26.0","9.9","140.0","744.0","5.1","2.0","354.0"
"","low","463.0","293.0","3424.0","22.4","12.0","119.0","642.0","4.0","3.7","318.4"
"Jalen Hurts","PHI","488.0","317.2","3569.9","24.2","7.4","111.8","461.3","8.4","4.0","320.5"
"","high","499.1","327.6","3778.7","26.0","6.0","118.0","490.0","9.2","4.0","348.0"
"","low","471.0","303.0","3375.0","23.0","9.2","106.3","437.8","8.0","4.1","320.3"
"Joe Burrow","CIN","591.0","395.4","4175.0","33.3","11.6","48.2","178.6","1.4","1.9","310.9"
"","high","620.0","409.0","4265.0","34.0","10.0","61.0","188.8","2.1","1.0","350.0"
"","low","571.9","387.2","4128.0","33.0","14.0","32.0","165.0","1.0","2.9","304.7"
"Jaxson Dart","NYG","510.0","324.7","3591.5","22.3","11.1","100.9","549.1","6.5","2.9","309.9"
"","high","517.0","331.0","3685.4","26.0","9.0","103.0","564.0","7.0","2.0","346.0"
"","low","504.0","316.0","3519.0","20.0","14.0","99.0","531.0","6.0","3.7","300.3"
"Brock Purdy","SF","547.5","369.6","4156.9","27.7","14.3","70.5","304.1","3.8","4.3","307.5"
"","high","558.0","380.0","4180.6","30.0","13.0","81.0","349.0","5.0","3.7","350.0"
"","low","529.6","351.9","4131.0","26.0","16.0","65.0","277.3","3.0","5.0","292.5"
"Trevor Lawrence","JAC","546.0","336.1","3908.5","27.0","13.0","72.5","321.9","4.9","3.4","306.2"
"","high","560.0","347.3","3948.0","31.0","11.0","77.0","334.8","6.0","3.0","357.0"
"","low","537.0","326.0","3845.0","24.9","15.0","67.0","301.0","4.0","3.8","288.3"
"Dak Prescott","DAL","581.4","384.1","4291.9","30.9","11.3","49.1","173.4","1.7","2.8","306.2"
"","high","614.0","401.0","4434.0","33.0","10.0","51.3","186.3","2.1","2.0","361.0"
"","low","553.2","370.3","4112.6","29.8","12.0","45.0","161.0","1.0","3.6","286.8"
"Patrick Mahomes II","KC","554.5","353.7","3838.3","27.1","11.6","60.4","359.3","3.4","2.0","302.9"
"","high","566.0","358.2","4000.8","29.0","11.0","71.0","436.0","4.0","1.0","345.0"
"","low","547.0","350.0","3683.0","26.0","12.0","53.1","315.0","3.0","3.0","291.3"
"Caleb Williams","CHI","548.5","329.5","3867.6","27.4","9.3","79.0","398.3","2.1","3.0","301.4"
"","high","579.0","339.0","3911.0","30.0","8.0","88.0","412.0","2.3","2.0","350.0"
"","low","528.4","316.6","3820.9","25.3","10.0","71.1","381.8","2.0","4.0","281.7"
"Justin Herbert","LAC","529.5","349.5","3857.3","26.2","11.7","78.4","450.5","2.1","2.8","299.6"
"","high","534.0","352.0","3952.0","28.0","11.0","83.0","518.0","2.4","2.0","334.0"
"","low","527.0","345.4","3770.0","25.0","13.0","74.0","406.5","2.0","3.6","283.6"
"Bo Nix","DEN","555.2","355.3","3745.1","26.8","11.0","79.1","341.4","3.7","2.0","298.2"
"","high","574.0","364.0","3877.4","27.0","10.0","82.3","362.0","4.0","1.0","322.2"
"","low","527.0","338.0","3508.0","26.5","12.0","73.0","306.0","3.0","3.1","296.2"
"Matthew Stafford","LAR","546.9","352.7","4191.2","34.0","8.6","23.7","33.1","0.2","2.8","294.0"
"","high","557.8","359.0","4281.7","34.9","7.0","27.0","39.4","0.6","2.0","341.0"
"","low","539.0","343.0","4050.0","33.0","9.7","17.0","22.0","0.0","3.5","293.2"
"Jared Goff","DET","547.3","373.4","4305.7","31.7","10.0","23.7","47.8","0.2","3.7","287.7"
"","high","572.0","383.0","4459.0","34.0","10.0","27.2","50.0","0.7","3.5","337.0"
"","low","526.0","366.0","4216.1","29.1","10.0","21.0","44.0","0.0","4.0","268.5"
"Tyler Shough","NO","550.1","362.6","3950.0","22.2","11.7","78.2","329.9","4.1","3.6","285.3"
"","high","556.0","371.0","4013.0","24.0","10.0","94.0","377.0","4.3","3.2","308.0"
"","low","545.2","354.9","3886.1","20.5","14.0","65.7","285.6","4.0","4.0","266.0"
"Baker Mayfield","TB","540.9","349.2","3842.1","25.9","12.9","57.7","362.1","1.5","3.7","281.9"
"","high","553.0","356.0","3953.0","29.0","11.6","60.0","397.0","2.0","3.0","333.0"
"","low","526.6","338.5","3750.0","24.0","15.0","54.1","323.2","1.0","4.4","264.8"
"Kyler Murray","MIN","497.7","329.9","3498.8","23.5","14.0","79.6","476.3","3.4","3.8","280.2"
"","high","525.0","346.0","3672.0","28.0","10.0","85.0","494.0","4.0","3.5","315.0"
"","low","478.0","313.0","3347.3","19.5","20.0","70.9","443.8","3.0","4.0","250.6"
"Daniel Jones","IND","513.4","337.4","3761.5","23.5","11.4","66.0","250.7","4.0","3.8","274.6"
"","high","529.1","350.3","3846.0","30.0","11.0","73.0","307.2","5.9","3.0","324.0"
"","low","492.0","329.0","3688.0","19.6","12.0","52.0","167.0","3.0","4.5","267.2"
"Malik Willis","MIA","493.3","318.2","3371.1","17.7","12.5","124.9","642.4","4.1","6.1","270.2"
"","high","515.0","322.6","3560.2","25.0","10.0","145.0","724.0","5.0","6.0","315.0"
"","low","460.0","313.0","3103.0","13.2","17.0","105.6","546.3","3.4","6.2","239.1"
"Jordan Love","GB","511.1","331.3","3845.9","26.7","10.2","46.5","194.9","0.6","3.0","267.7"
"","high","531.3","343.0","3990.6","29.0","10.0","50.4","212.6","1.0","2.0","300.0"
"","low","474.0","309.0","3691.0","25.0","10.7","43.0","185.0","0.0","4.0","259.0"
"Sam Darnold","SEA","506.9","337.0","4090.7","27.3","13.1","44.0","131.9","0.6","5.3","266.2"
"","high","512.6","339.0","4130.0","32.0","12.4","48.0","145.0","1.0","4.6","313.0"
"","low","498.0","335.1","4013.2","24.0","14.0","40.0","125.0","0.0","6.0","242.6"
"C.J. Stroud","HOU","550.9","347.4","3877.7","23.5","11.4","54.4","238.8","1.0","3.5","260.8"
"","high","573.0","352.0","3950.1","28.0","10.0","57.1","249.3","1.1","3.0","310.0"
"","low","529.0","339.0","3759.0","21.0","12.1","51.0","218.0","1.0","3.9","246.6"
"Bryce Young","CAR","525.6","334.3","3457.3","22.8","12.0","57.9","261.1","3.0","3.0","255.7"
"","high","539.7","336.0","3639.8","26.0","10.0","61.0","282.0","4.0","2.0","292.0"
"","low","513.0","331.0","3355.0","20.3","14.0","55.0","229.0","2.1","4.0","237.5"
"Geno Smith","NYJ","520.8","340.7","3459.1","22.1","14.8","57.3","210.7","1.0","2.2","234.8"
"","high","540.0","361.2","3815.3","25.0","14.0","58.0","255.0","1.0","1.0","250.5"
"","low","492.0","310.0","2943.0","20.4","16.0","56.0","157.0","1.0","3.4","232.3"
"Cam Ward","TEN","563.6","345.0","3587.6","19.9","10.4","44.2","185.3","2.0","5.4","232.4"
"","high","572.0","355.1","3759.9","24.0","10.0","49.0","207.0","3.0","4.8","259.0"
"","low","557.7","331.0","3341.0","16.6","11.0","37.0","148.0","1.0","6.0","219.9"
"Jacoby Brissett","ARI","541.6","347.6","3591.8","19.6","10.4","48.7","214.3","1.4","4.8","232.2"
"","high","587.0","378.0","3776.0","25.0","9.2","56.0","255.0","2.0","3.7","285.0"
"","low","516.8","326.8","3354.5","14.9","12.0","43.0","178.0","1.0","6.0","198.9"
"Aaron Rodgers","PIT","527.0","339.3","3484.8","21.7","9.4","26.0","82.6","0.6","2.7","223.5"
"","high","568.1","362.8","3772.4","23.0","8.0","29.0","99.7","1.0","2.0","246.0"
"","low","476.0","301.0","3033.0","20.2","11.1","21.0","68.0","0.0","3.5","219.2"
"Fernando Mendoza","LV","431.6","276.2","2892.0","16.1","12.2","50.4","227.4","1.3","2.7","192.9"
"","high","449.8","284.6","3058.9","19.0","10.0","52.1","239.0","1.9","2.0","206.9"
"","low","419.0","264.0","2638.0","14.2","16.0","48.0","217.0","1.0","3.4","187.5"
"Tua Tagovailoa","ATL","378.9","248.7","2723.2","15.8","8.3","19.6","46.6","0.1","2.3","164.5"
"","high","466.0","299.0","3455.0","24.0","7.0","25.0","54.0","0.3","2.0","254.0"
"","low","301.7","204.1","2170.7","10.4","10.0","15.9","42.0","0.0","2.5","114.9"
"Deshaun Watson","CLE","342.4","210.8","2246.1","11.8","8.3","49.7","218.6","1.3","3.8","150.7"
"","high","428.0","257.0","2653.0","17.0","7.0","60.0","256.0","2.0","2.7","200.0"
"","low","288.0","184.0","2040.4","8.3","11.0","42.0","189.0","1.0","5.0","123.9"
"Shedeur Sanders","CLE","202.2","122.4","1364.1","7.1","5.5","21.1","122.3","0.5","1.2","90.7"
"","high","268.0","156.0","1798.0","10.0","3.0","32.0","182.0","1.0","1.0","136.1"
"","low","107.0","64.0","663.0","4.0","8.0","10.0","65.0","0.0","1.4","36.0"
"Michael Penix Jr.","ATL","188.7","119.1","1349.5","7.2","3.7","13.5","46.9","0.3","1.0","83.5"
"","high","265.2","168.3","1884.4","9.5","2.0","19.4","76.8","0.9","0.0","113.6"
"","low","82.0","53.0","609.0","4.0","5.1","6.0","18.0","0.0","1.9","37.0"
"Kirk Cousins","LV","114.3","74.2","784.5","5.0","3.9","5.2","9.0","0.1","0.9","47.2"
"","high","121.0","78.7","844.0","6.0","2.7","7.0","11.0","0.3","0.9","58.5"
"","low","103.0","69.0","677.0","4.1","5.0","3.0","7.0","0.0","1.0","38.0"
"Ty Simpson","LAR","40.9","25.8","298.2","2.6","0.8","4.1","18.4","0.0","0.1","23.4"
"","high","60.0","38.0","450.0","4.0","0.6","7.0","32.0","0.1","0.0","34.0"
"","low","21.9","13.5","146.4","1.2","1.0","1.1","4.8","0.0","0.2","10.0"
"Carson Beck","ARI","49.0","30.9","338.5","2.2","1.2","5.2","20.1","0.1","0.2","23.2"
"","high","66.1","40.8","450.5","3.0","0.0","7.0","29.4","0.3","0.0","32.4"
"","low","18.0","12.0","116.0","1.0","2.0","2.0","7.0","0.0","0.5","8.0"
"J.J. McCarthy","MIN","48.6","30.2","340.3","1.8","1.4","5.9","27.0","0.2","0.4","22.5"
"","high","85.7","54.5","598.8","3.4","1.0","9.8","43.9","0.6","0.0","39.8"
"","low","19.0","12.0","136.0","1.0","2.3","4.0","18.0","0.0","0.8","7.0"
"Marcus Mariota","WAS","34.3","21.7","254.0","2.0","0.8","1.4","7.9","0.0","0.1","18.0"
"","high","46.0","29.0","342.0","3.0","0.7","1.8","9.8","0.1","0.0","21.0"
"","low","22.6","14.3","166.1","1.0","1.0","1.0","6.0","0.0","0.2","10.2"
"Riley Leonard","IND","27.3","17.2","192.8","1.3","0.5","2.7","11.5","0.0","0.6","12.4"
"","high","37.0","23.0","259.0","2.0","0.0","5.0","20.0","0.1","0.2","19.3"
"","low","22.0","14.0","158.5","0.8","1.0","1.2","5.5","0.0","1.0","7.0"
"Justin Fields","KC","26.2","16.3","175.2","1.0","0.8","3.6","18.4","0.1","0.1","12.1"
"","high","35.0","22.0","237.0","1.0","0.4","4.0","21.0","0.2","0.0","15.4"
"","low","20.6","12.8","140.5","0.9","1.0","2.8","15.3","0.0","0.2","7.0"
"Shane Buechele","BUF","20.0","14.0","151.0","1.0","0.0","4.0","20.0","0.0","0.0","12.0"
"","high","20.0","14.0","151.0","1.0","0.0","4.0","20.0","0.0","0.0","9.0"
"","low","20.0","14.0","151.0","1.0","0.0","4.0","20.0","0.0","0.0","9.0"
"Jameis Winston","NYG","26.1","15.5","194.7","1.3","1.3","2.6","10.9","0.0","0.6","11.7"
"","high","35.0","20.0","277.0","2.0","0.9","5.0","22.0","0.0","0.2","19.9"
"","low","21.0","13.0","144.0","0.9","2.0","0.7","2.7","0.0","1.0","5.0"
"Quinn Ewers","MIA","24.5","16.0","167.7","1.2","0.9","3.0","11.7","0.0","0.1","11.6"
"","high","32.0","21.0","226.0","2.0","0.6","4.0","19.0","0.0","0.0","18.2"
"","low","19.0","13.0","124.0","0.6","1.0","1.0","4.0","0.0","0.2","7.0"
"Tyson Bagent","CHI","23.0","15.1","169.6","1.0","0.2","2.8","8.6","0.0","0.1","11.5"
"","high","26.0","17.0","195.0","1.0","0.0","5.0","14.0","0.1","0.0","12.4"
"","low","21.0","14.0","155.9","1.0","0.6","1.5","5.9","0.0","0.2","8.0"
"Will Levis","TEN","23.0","14.0","136.0","1.0","0.0","4.0","19.0","0.0","0.0","11.3"
"","high","23.0","14.0","136.0","1.0","0.0","4.0","19.0","0.0","0.0","9.0"
"","low","23.0","14.0","136.0","1.0","0.0","4.0","19.0","0.0","0.0","9.0"
"Jake Browning","TB","22.5","14.3","157.4","1.0","0.9","3.1","15.7","0.0","0.1","11.2"
"","high","23.0","14.6","162.7","1.1","0.7","5.0","26.0","0.1","0.0","10.3"
"","low","21.9","14.0","152.0","1.0","1.0","1.3","5.5","0.0","0.1","7.0"
"Jarrett Stidham","DEN","23.1","14.4","152.3","1.1","0.3","3.3","12.9","0.0","0.1","11.2"
"","high","24.0","15.0","161.5","1.1","0.0","5.0","19.0","0.1","0.0","10.4"
"","low","22.2","13.8","143.0","1.0","0.6","1.7","6.8","0.0","0.2","9.0"
"Davis Mills","HOU","26.1","16.0","175.9","0.9","0.5","2.7","9.0","0.0","0.1","11.1"
"","high","32.0","20.0","221.0","1.0","0.0","5.0","19.0","0.0","0.0","13.2"
"","low","23.0","14.0","146.6","0.8","1.0","1.0","3.9","0.0","0.1","8.4"
"Tyrod Taylor","GB","25.0","15.4","173.5","0.9","0.8","2.1","10.7","0.0","0.2","10.9"
"","high","30.0","18.0","211.0","1.0","0.5","2.3","12.4","0.1","0.2","13.3"
"","low","20.0","12.7","135.9","0.9","1.0","2.0","9.0","0.0","0.2","9.2"
"Joshua Dobbs","DET","21.7","14.8","156.5","1.0","0.3","3.3","7.9","0.1","0.1","10.7"
"","high","22.0","16.0","180.0","1.0","0.0","5.0","9.0","0.1","0.0","8.7"
"","low","21.3","13.5","132.9","0.9","0.6","1.5","6.8","0.0","0.2","8.0"
"Tommy DeVito","NE","22.5","14.7","149.9","1.0","0.4","1.9","9.5","0.1","0.1","10.6"
"","high","22.5","14.7","149.9","1.0","0.4","1.9","9.5","0.1","0.1","10.3"
"","low","22.5","14.7","149.9","1.0","0.4","1.9","9.5","0.1","0.1","10.3"
"Tyler Huntley","BAL","18.3","11.8","130.8","0.9","0.3","3.5","18.7","0.0","0.1","10.6"
"","high","19.5","12.6","133.0","1.0","0.0","5.0","28.0","0.1","0.0","9.0"
"","low","17.0","11.0","128.7","0.9","0.5","2.0","9.5","0.0","0.1","8.7"
"Mac Jones","SF","22.5","14.9","160.2","1.0","0.5","2.7","8.4","0.0","0.1","10.5"
"","high","23.0","15.0","168.0","1.0","0.0","5.0","18.0","0.0","0.0","11.2"
"","low","22.0","14.8","145.7","1.0","1.0","1.0","2.2","0.0","0.1","7.0"
"Trey Lance","LAC","22.2","13.6","148.3","1.0","0.8","2.7","12.9","0.0","0.1","10.4"
"","high","22.4","14.0","149.0","1.0","0.6","4.0","19.0","0.1","0.0","9.4"
"","low","22.0","13.2","147.5","1.0","1.0","1.5","6.8","0.0","0.1","7.0"
"Anthony Richardson Sr.","IND","16.0","10.0","109.0","1.0","0.0","5.0","20.0","0.0","0.0","10.4"
"","high","16.0","10.0","109.0","1.0","0.0","5.0","20.0","0.0","0.0","8.0"
"","low","16.0","10.0","109.0","1.0","0.0","5.0","20.0","0.0","0.0","8.0"
"Joe Flacco","CIN","24.9","16.1","169.4","1.2","0.8","2.2","8.6","0.0","0.6","10.3"
"","high","25.0","17.0","174.0","1.3","0.7","4.0","16.0","0.0","0.2","10.5"
"","low","24.7","15.3","164.8","1.0","1.0","0.4","1.2","0.0","1.0","4.0"
"Tanner McKee","PHI","20.3","12.8","141.0","1.0","0.2","3.0","9.9","0.0","0.0","10.3"
"","high","21.7","13.7","153.0","1.0","0.0","5.0","16.0","0.0","0.0","9.5"
"","low","19.0","12.0","129.0","1.0","0.5","1.0","3.7","0.0","0.1","8.0"
"Kenny Pickett","CAR","22.9","14.4","157.9","1.0","0.8","2.8","10.6","0.0","0.1","10.3"
"","high","25.0","16.0","185.0","1.0","0.5","4.0","22.0","0.0","0.0","12.0"
"","low","21.0","13.0","135.0","0.9","1.0","1.3","3.7","0.0","0.2","7.0"
"Spencer Rattler","NO","22.9","14.9","157.2","0.9","0.8","2.7","12.1","0.0","0.1","10.2"
"","high","23.0","15.0","161.0","1.0","0.5","4.0","17.0","0.0","0.0","9.0"
"","low","22.8","14.9","153.5","0.8","1.0","1.3","7.1","0.0","0.2","7.0"
"Sam Howell","DAL","21.9","13.8","144.5","1.1","0.7","1.3","6.9","0.1","0.1","10.2"
"","high","21.9","13.8","144.5","1.1","0.7","1.3","6.9","0.1","0.1","9.6"
"","low","21.9","13.8","144.5","1.1","0.7","1.3","6.9","0.1","0.1","9.6"
"Drew Lock","SEA","20.6","13.0","146.7","0.9","0.8","3.1","13.1","0.0","0.1","10.0"
"","high","21.2","13.0","159.0","1.0","0.6","5.0","21.0","0.1","0.0","8.0"
"","low","20.0","12.9","134.3","0.8","1.0","1.2","5.2","0.0","0.2","7.0"
"Andy Dalton","PHI","19.0","13.0","140.0","1.0","0.0","5.0","23.0","0.0","1.0","9.9"
"","high","19.0","13.0","140.0","1.0","0.0","5.0","23.0","0.0","1.0","7.0"
"","low","19.0","13.0","140.0","1.0","0.0","5.0","23.0","0.0","1.0","7.0"
"Nick Mullens","JAC","18.8","13.2","140.7","1.1","0.4","3.1","3.7","0.0","0.1","9.8"
"","high","23.7","15.4","179.5","1.1","0.0","5.0","4.0","0.0","0.0","10.3"
"","low","14.0","11.0","102.0","1.0","0.9","1.1","3.4","0.0","0.2","8.0"
"Chris Oladokun","KC","23.0","14.0","148.0","1.0","0.0","4.0","18.0","0.0","1.0","9.7"
"","high","23.0","14.0","148.0","1.0","0.0","4.0","18.0","0.0","1.0","7.0"
"","low","23.0","14.0","148.0","1.0","0.0","4.0","18.0","0.0","1.0","7.0"
"Gardner Minshew II","ARI","22.9","14.3","147.8","0.8","0.3","2.4","9.3","0.0","0.1","9.7"
"","high","24.0","15.0","154.0","1.0","0.0","4.0","16.0","0.0","0.0","8.0"
"","low","21.7","13.6","141.6","0.6","0.6","0.9","2.6","0.0","0.2","7.2"
"Behren Morton","NE","15.0","10.0","118.0","1.0","0.0","2.0","9.0","0.0","0.0","9.6"
"","high","15.0","10.0","118.0","1.0","0.0","2.0","9.0","0.0","0.0","8.0"
"","low","15.0","10.0","118.0","1.0","0.0","2.0","9.0","0.0","0.0","8.0"
"Cade Klubnik","NYJ","20.6","13.0","136.8","0.9","0.6","1.8","8.2","0.0","0.1","9.4"
"","high","25.0","16.0","177.0","1.0","0.0","2.0","9.0","0.1","0.0","12.0"
"","low","15.0","10.0","90.0","0.8","1.0","1.5","6.7","0.0","0.2","7.0"
"Drew Allar","PIT","19.5","12.5","130.7","0.9","0.3","1.6","6.8","0.0","0.1","9.4"
"","high","23.0","14.9","160.3","1.0","0.0","2.0","8.0","0.1","0.0","9.5"
"","low","16.0","10.0","101.0","0.9","0.5","1.3","5.7","0.0","0.2","7.0"
"Adrian Martinez","SF","16.0","11.0","115.0","1.0","0.0","3.0","7.0","0.0","0.0","9.3"
"","high","16.0","11.0","115.0","1.0","0.0","3.0","7.0","0.0","0.0","8.0"
"","low","16.0","11.0","115.0","1.0","0.0","3.0","7.0","0.0","0.0","8.0"
"Garrett Nussmeier","KC","17.0","11.0","111.0","1.0","0.0","2.0","8.0","0.0","0.0","9.2"
"","high","17.0","11.0","111.0","1.0","0.0","2.0","8.0","0.0","0.0","8.0"
"","low","17.0","11.0","111.0","1.0","0.0","2.0","8.0","0.0","0.0","8.0"
"Cole Payton","PHI","14.0","9.0","105.0","1.0","0.0","2.0","10.0","0.0","0.0","9.2"
"","high","14.0","9.0","105.0","1.0","0.0","2.0","10.0","0.0","0.0","8.0"
"","low","14.0","9.0","105.0","1.0","0.0","2.0","10.0","0.0","0.0","8.0"
"Jalen Milroe","SEA","11.0","7.0","90.0","1.0","0.0","5.0","15.0","0.0","0.0","9.1"
"","high","11.0","7.0","90.0","1.0","0.0","5.0","15.0","0.0","0.0","7.0"
"","low","11.0","7.0","90.0","1.0","0.0","5.0","15.0","0.0","0.0","7.0"
"Kyle Allen","BUF","21.0","12.4","138.4","1.0","0.6","2.0","3.6","0.0","0.1","9.1"
"","high","26.0","16.0","181.0","1.0","0.0","3.0","6.0","0.0","0.0","11.8"
"","low","15.0","8.0","96.0","0.9","1.0","1.1","2.0","0.0","0.2","7.0"
"Mitchell Trubisky","TEN","23.3","13.5","138.6","0.8","0.4","2.6","4.8","0.0","0.1","9.0"
"","high","23.6","15.0","154.2","1.0","0.0","4.0","7.0","0.1","0.0","8.0"
"","low","23.0","12.0","123.0","0.7","0.7","1.1","2.5","0.0","0.1","7.8"
"Joe Milton III","DAL","16.3","10.3","119.3","0.7","0.3","3.0","14.3","0.0","0.0","8.5"
"","high","25.0","16.0","181.0","1.0","0.0","5.0","22.0","0.0","0.0","13.3"
"","low","0.0","0.0","0.0","0.0","1.0","0.0","0.0","0.0","0.0","0.0"
"Will Howard","PIT","14.0","8.7","95.7","0.7","0.3","1.3","5.0","0.0","0.0","6.7"
"","high","26.0","16.0","186.0","1.0","0.0","2.0","8.0","0.0","0.0","12.1"
"","low","0.0","0.0","0.0","0.0","1.0","0.0","0.0","0.0","0.0","0.0"
"Mason Rudolph","PIT","10.5","6.5","67.5","0.5","0.0","2.0","8.5","0.0","0.0","5.6"
"","high","21.0","13.0","135.0","1.0","0.0","4.0","17.0","0.0","0.0","9.0"
"","low","0.0","0.0","0.0","0.0","0.0","0.0","0.0","0.0","0.0","0.0"
"Brady Cook","NYJ","10.0","6.5","60.0","0.5","0.5","2.0","10.5","0.0","0.0","5.0"
"","high","20.0","13.0","120.0","1.0","0.0","4.0","21.0","0.0","0.0","7.0"
"","low","0.0","0.0","0.0","0.0","1.0","0.0","0.0","0.0","0.0","0.0"
"Josh Johnson","CIN","0.0","0.0","0.0","0.0","0.0","0.0","0.0","0.0","0.0","0.0"
"","high","0.0","0.0","0.0","0.0","0.0","0.0","0.0","0.0","0.0","0.0"
"","low","0.0","0.0","0.0","0.0","0.0","0.0","0.0","0.0","0.0","0.0"
"Stetson Bennett IV","LAR","0.0","0.0","0.0","0.0","0.0","0.0","0.0","0.0","0.0","0.0"
"","high","0.0","0.0","0.0","0.0","0.0","0.0","0.0","0.0","0.0","0.0"
"","low","0.0","0.0","0.0","0.0","0.0","0.0","0.0","0.0","0.0","0.0"
"Aidan O'Connell","LV","0.0","0.0","0.0","0.0","0.0","0.0","0.0","0.0","0.0","0.0"
"","high","0.0","0.0","0.0","0.0","0.0","0.0","0.0","0.0","0.0","0.0"
"","low","0.0","0.0","0.0","0.0","0.0","0.0","0.0","0.0","0.0","0.0"
""
""