"Player","Team","ATT","YDS","TDS","REC","YDS","TDS","FL","FPTS"
" ","","",""
"Jahmyr Gibbs","DET","274.4","1381.2","13.8","71.3","580.6","4.1","1.1","337.2"
"","high","283.1","1422.0","15.0","74.0","624.0","5.0","1.0","367.0"
"","low","261.0","1349.0","12.0","67.8","545.9","3.4","1.3","332.6"
"Bijan Robinson","ATL","289.5","1426.1","9.5","79.3","735.9","3.5","1.8","329.9"
"","high","302.0","1504.0","11.0","84.0","793.0","4.0","1.6","364.5"
"","low","280.0","1372.4","8.4","75.8","707.0","3.0","2.0","316.6"
"Christian McCaffrey","SF","269.4","1093.6","8.7","78.4","694.0","4.6","1.1","295.6"
"","high","279.0","1144.0","9.2","82.0","715.0","5.0","1.0","344.1"
"","low","255.0","1006.0","8.0","74.0","683.0","4.0","1.2","268.2"
"Jonathan Taylor","IND","326.6","1504.6","12.9","42.9","341.5","1.5","1.7","288.7"
"","high","356.0","1578.0","15.0","50.7","390.4","2.0","1.5","295.4"
"","low","299.0","1436.0","11.6","36.0","289.0","1.0","2.0","287.3"
"Derrick Henry","BAL","314.0","1568.5","13.4","18.1","175.1","0.7","1.7","264.6"
"","high","321.0","1650.0","15.0","21.4","210.3","1.2","1.5","268.1"
"","low","304.0","1483.5","12.0","16.0","144.0","0.0","2.0","260.7"
"De'Von Achane","MIA","238.3","1199.8","6.0","65.3","491.1","4.0","1.0","259.7"
"","high","258.0","1308.5","7.0","75.0","551.0","6.0","1.0","271.8"
"","low","228.0","1130.0","5.0","56.0","411.0","3.0","1.0","259.6"
"James Cook III","BUF","287.7","1404.7","10.3","33.3","283.7","1.9","2.4","253.9"
"","high","300.0","1436.0","11.0","35.9","302.1","2.0","1.8","275.9"
"","low","275.0","1377.0","9.0","32.0","274.0","1.6","3.0","230.7"
"Ashton Jeanty","LV","281.0","1105.2","8.0","58.7","414.6","3.3","1.1","247.3"
"","high","293.0","1137.0","10.0","65.2","495.8","6.0","1.0","265.7"
"","low","271.0","1051.0","7.0","55.0","342.0","2.0","1.2","245.0"
"Chase Brown","CIN","238.5","1036.8","7.8","63.8","427.6","4.0","1.1","246.6"
"","high","242.0","1066.0","9.0","72.0","471.0","5.0","1.0","269.7"
"","low","235.0","1006.0","7.0","55.0","377.0","2.9","1.2","239.7"
"Saquon Barkley","PHI","295.8","1299.1","8.2","41.7","330.4","2.1","1.0","243.8"
"","high","306.0","1376.0","9.0","43.2","371.1","2.3","1.0","262.2"
"","low","281.0","1236.0","7.0","40.0","307.0","2.0","1.0","223.9"
"Kenneth Walker III","KC","262.5","1191.7","8.7","45.8","352.8","1.2","0.9","235.1"
"","high","276.6","1239.2","9.1","48.3","376.4","2.0","0.9","259.8"
"","low","249.0","1159.0","8.0","42.0","322.0","0.0","1.0","204.9"
"Josh Jacobs","GB","273.9","1101.6","11.7","35.3","280.0","1.2","1.3","231.0"
"","high","282.0","1155.0","13.0","36.0","283.0","1.6","1.0","244.4"
"","low","262.0","1006.0","10.0","35.0","277.0","1.0","1.5","210.7"
"Omarion Hampton","LAC","243.7","1035.1","9.5","50.2","342.8","1.9","1.0","229.1"
"","high","257.0","1129.0","10.0","52.0","366.0","2.0","1.0","266.6"
"","low","220.0","892.0","9.0","47.0","299.0","1.8","1.1","197.1"
"Jeremiyah Love","ARI","237.2","1068.9","7.2","54.7","423.1","2.1","2.2","228.0"
"","high","254.6","1127.8","8.0","65.2","488.4","2.2","1.3","259.3"
"","low","211.0","997.0","6.7","43.0","364.0","2.0","3.0","200.4"
"Kyren Williams","LAR","240.2","1118.4","10.1","33.8","239.6","2.2","1.5","223.3"
"","high","249.0","1171.0","10.2","34.0","250.0","3.0","1.1","247.5"
"","low","235.0","1071.2","10.0","33.4","223.9","1.6","2.0","209.9"
"Breece Hall","NYJ","249.0","1113.5","6.2","46.4","404.6","2.3","1.7","222.3"
"","high","265.1","1164.5","7.6","52.1","440.7","2.8","1.4","245.3"
"","low","224.0","1014.0","5.0","40.0","370.0","2.0","2.0","188.2"
"Javonte Williams","DAL","256.2","1160.4","10.4","33.0","192.0","1.2","1.6","217.6"
"","high","289.5","1266.1","11.1","36.9","218.1","1.5","1.2","238.9"
"","low","234.0","1089.0","10.0","29.0","141.0","1.0","2.0","185.5"
"Cam Skattebo","NYG","238.5","993.9","8.0","43.3","343.5","2.2","1.6","213.3"
"","high","262.0","1048.0","9.0","44.9","352.0","4.0","1.1","237.0"
"","low","209.0","908.0","7.1","41.0","332.4","1.0","2.0","205.6"
"Travis Etienne Jr.","NO","248.9","1054.0","5.4","45.3","356.8","3.0","1.0","212.3"
"","high","262.7","1142.0","6.2","47.0","385.5","5.0","1.0","227.5"
"","low","238.0","938.0","5.0","44.0","327.0","2.0","1.0","195.6"
"D'Andre Swift","CHI","233.4","1053.4","8.0","35.1","303.5","1.0","1.0","205.8"
"","high","248.0","1117.0","9.0","39.0","325.0","1.1","1.0","221.6"
"","low","219.3","994.3","7.0","30.4","269.4","1.0","1.0","198.8"
"Bucky Irving","TB","256.1","1019.7","6.1","39.9","336.7","2.2","1.0","203.8"
"","high","263.0","1045.0","7.0","44.0","401.0","3.0","1.0","229.5"
"","low","244.2","991.2","5.3","36.8","294.0","1.7","1.0","190.2"
"Quinshon Judkins","CLE","289.2","1105.3","8.1","31.3","218.8","0.6","0.9","198.4"
"","high","316.7","1245.0","10.0","32.0","230.0","1.0","0.7","210.2"
"","low","275.0","973.0","7.0","30.0","205.0","0.0","1.0","177.6"
"Bhayshul Tuten","JAC","239.4","979.6","8.2","29.2","222.1","2.1","2.2","192.7"
"","high","257.0","1055.0","11.0","38.0","288.0","3.0","1.4","221.9"
"","low","224.0","890.0","6.7","16.0","128.0","1.4","3.0","178.6"
"David Montgomery","HOU","231.5","959.7","7.7","30.9","232.0","0.5","1.5","180.9"
"","high","263.0","1012.0","9.0","34.0","244.0","1.0","1.0","198.3"
"","low","214.6","932.0","7.0","27.0","222.0","0.0","2.0","172.4"
"Jadarian Price","SEA","215.5","913.2","8.0","26.0","220.1","1.1","2.0","176.6"
"","high","229.0","980.0","9.0","31.0","226.0","1.3","1.0","182.8"
"","low","195.0","837.0","7.0","20.0","212.4","1.0","3.0","171.0"
"Jaylen Warren","PIT","188.0","826.8","5.2","42.4","322.1","1.8","0.9","176.1"
"","high","194.0","854.0","6.0","46.1","329.0","2.0","0.9","202.0"
"","low","180.1","791.4","4.5","40.0","317.0","1.5","1.0","164.2"
"TreVeyon Henderson","NE","187.1","858.9","6.9","35.3","242.4","1.1","0.8","174.3"
"","high","190.2","884.0","7.0","38.9","268.2","1.4","0.7","193.9"
"","low","182.0","836.7","6.7","33.0","202.0","1.0","1.0","156.6"
"Tony Pollard","TEN","236.2","1034.1","5.5","31.9","208.2","0.5","2.1","171.9"
"","high","242.0","1065.0","6.0","34.0","227.0","1.0","1.2","197.2"
"","low","227.0","993.0","5.0","29.7","182.6","0.0","3.0","149.0"
"Rhamondre Stevenson","NE","168.6","723.1","6.9","38.5","325.5","1.7","2.1","171.6"
"","high","173.7","740.3","7.0","42.6","349.6","2.1","1.2","191.0"
"","low","163.0","694.0","6.8","33.0","302.0","1.0","3.0","152.3"
"J.K. Dobbins","DEN","219.6","1027.8","6.9","19.5","104.5","0.6","0.7","166.4"
"","high","248.0","1137.0","7.0","21.4","132.4","1.0","0.5","174.9"
"","low","204.8","958.4","6.6","16.0","77.0","0.0","1.0","156.7"
"Rico Dowdle","PIT","200.0","869.8","5.8","31.7","222.3","1.0","1.0","164.4"
"","high","223.0","975.4","7.0","36.0","253.0","1.1","1.0","172.7"
"","low","186.0","801.0","5.0","29.2","203.0","1.0","1.0","152.9"
"Chuba Hubbard","CAR","178.2","728.2","5.0","36.1","256.0","1.8","0.9","155.1"
"","high","192.0","767.0","6.0","41.3","300.1","3.0","0.8","179.5"
"","low","166.0","708.7","3.9","33.0","210.0","1.0","1.0","140.0"
"Jonathon Brooks","CAR","188.0","776.5","5.1","29.6","224.9","1.1","1.5","149.2"
"","high","213.0","874.0","7.0","32.7","246.6","1.2","0.9","152.8"
"","low","158.0","646.0","4.0","24.0","199.0","1.0","2.0","148.3"
"Kyle Monangai","CHI","191.3","817.3","5.2","22.9","195.0","0.4","0.7","144.7"
"","high","206.0","852.0","6.5","25.7","215.0","1.3","0.4","162.0"
"","low","176.0","775.0","4.0","20.0","162.0","0.0","1.0","130.4"
"Rachaad White","WAS","137.0","605.3","5.4","35.8","247.9","1.6","0.8","143.3"
"","high","145.0","709.0","6.0","42.0","310.0","2.0","0.6","165.8"
"","low","131.0","539.0","5.0","25.0","167.0","1.0","1.0","127.9"
"Kenny Gainwell","TB","113.6","497.8","3.9","49.7","352.3","2.0","0.9","143.3"
"","high","123.0","533.0","4.6","60.0","440.0","2.0","0.8","150.6"
"","low","100.0","439.0","3.0","37.0","275.0","2.0","1.0","139.9"
"Jacory Croskey-Merritt","WAS","185.1","831.3","7.5","12.4","91.3","0.2","1.8","141.2"
"","high","196.3","858.0","8.0","16.1","119.0","0.7","1.5","149.7"
"","low","179.0","788.0","7.0","9.0","71.0","0.0","2.0","131.2"
"Aaron Jones Sr.","MIN","149.9","638.1","3.1","40.7","300.7","1.7","1.0","140.8"
"","high","157.0","660.0","3.2","47.0","344.2","2.1","1.0","150.3"
"","low","143.0","602.0","3.0","37.0","268.0","1.0","1.0","125.3"
"RJ Harvey","DEN","107.6","406.3","4.0","45.9","341.6","3.2","0.7","139.2"
"","high","149.0","530.0","6.0","48.7","366.9","4.0","0.4","151.0"
"","low","77.8","315.9","2.9","44.0","326.0","2.6","1.0","123.8"
"Jordan Mason","MIN","192.8","878.0","6.1","14.5","75.8","0.1","1.1","137.9"
"","high","195.0","904.0","7.0","18.0","83.4","0.3","1.0","144.4"
"","low","189.0","831.0","5.0","12.0","62.0","0.0","1.2","132.5"
"Blake Corum","LAR","167.6","801.5","6.4","11.9","80.4","0.2","0.7","132.6"
"","high","181.9","837.5","7.3","16.7","117.1","0.6","0.4","148.6"
"","low","159.0","745.0","6.0","6.0","35.0","0.0","1.0","113.9"
"Tyjae Spears","TEN","94.8","379.6","3.0","45.9","306.1","1.2","0.7","115.2"
"","high","105.5","446.7","4.0","50.0","336.4","1.6","0.5","127.8"
"","low","86.0","344.0","2.0","38.0","255.0","1.0","1.0","101.9"
"Zach Charbonnet","SEA","130.5","533.0","5.6","19.8","147.0","0.5","0.7","113.2"
"","high","136.6","555.1","7.0","20.3","161.0","1.0","0.3","123.6"
"","low","127.0","507.0","3.0","19.0","135.0","0.0","1.0","97.9"
"Woody Marks","HOU","142.7","555.8","2.7","24.1","200.1","1.8","0.8","112.6"
"","high","150.0","580.5","3.0","27.0","214.0","3.0","0.7","117.6"
"","low","135.0","527.0","2.0","21.0","186.0","1.0","1.0","103.0"
"Isiah Pacheco","DET","139.5","581.4","3.5","21.1","136.4","0.6","0.8","105.4"
"","high","148.5","639.3","4.5","26.0","156.0","1.0","0.5","116.9"
"","low","122.0","489.0","3.0","17.2","114.2","0.0","1.0","92.5"
"Alvin Kamara","NO","119.0","459.1","2.4","33.6","233.6","1.0","0.8","104.5"
"","high","132.0","498.0","3.0","34.0","244.0","2.0","0.6","124.1"
"","low","111.9","428.0","2.0","32.9","221.8","0.0","1.0","92.8"
"Justice Hill","BAL","56.4","273.7","2.2","32.7","283.4","1.8","0.2","95.7"
"","high","64.0","324.0","3.0","39.4","348.9","2.0","0.0","91.1"
"","low","48.8","223.4","1.4","26.0","218.0","1.7","0.4","83.4"
"Chris Rodriguez Jr.","JAC","135.5","560.8","5.1","5.4","42.8","0.1","0.6","92.9"
"","high","177.0","694.0","8.0","10.0","76.0","0.2","0.3","110.7"
"","low","100.5","432.3","3.4","2.0","23.0","0.0","1.0","70.0"
"Tyrone Tracy Jr.","NYG","98.4","416.8","2.0","24.6","190.9","1.2","0.7","90.8"
"","high","134.0","568.0","3.0","30.0","241.0","2.0","0.4","105.3"
"","low","71.2","302.3","1.0","15.9","116.6","0.6","1.0","63.0"
"AJ Dillon","CAR","120.0","529.0","3.0","18.0","146.0","1.0","5.0","90.5"
"","high","120.0","529.0","3.0","18.0","146.0","1.0","5.0","75.0"
"","low","120.0","529.0","3.0","18.0","146.0","1.0","5.0","75.0"
"Dylan Sampson","CLE","73.5","254.1","1.4","35.9","285.1","2.1","1.2","90.0"
"","high","105.0","289.0","2.0","40.0","332.0","3.0","0.4","112.0"
"","low","54.6","228.4","1.0","29.6","207.2","1.2","2.0","75.3"
"Tyler Allgeier","ARI","111.7","424.8","4.7","17.1","108.4","0.2","0.6","89.7"
"","high","126.0","465.0","6.0","18.1","125.8","0.4","0.2","84.5"
"","low","97.4","384.7","3.3","16.0","91.0","0.0","1.0","81.7"
"Brian Robinson Jr.","ATL","129.8","564.2","4.3","6.9","43.1","0.1","0.7","89.6"
"","high","134.6","568.0","5.0","8.8","59.1","0.3","0.5","88.7"
"","low","125.0","560.4","3.7","5.0","27.0","0.0","1.0","81.4"
"Braelon Allen","NYJ","111.8","449.0","4.5","13.9","100.8","0.7","1.7","89.6"
"","high","141.0","550.0","6.0","15.0","111.0","1.0","0.4","93.9"
"","low","82.6","348.1","2.9","12.7","90.5","0.4","3.0","70.9"
"Samaje Perine","CIN","98.5","441.8","3.7","17.9","135.7","0.4","1.9","87.2"
"","high","101.1","443.0","4.0","18.8","139.4","0.7","0.8","90.7"
"","low","96.0","440.6","3.4","17.0","132.0","0.0","3.0","68.0"
"Kaelon Black","SF","113.6","452.2","3.6","10.6","95.0","0.7","1.2","83.3"
"","high","152.0","593.0","5.0","13.0","127.0","1.0","0.3","92.3"
"","low","75.2","311.5","2.2","8.2","63.0","0.4","2.0","57.7"
"Ty Johnson","BUF","51.9","218.8","1.7","24.9","253.0","2.1","0.2","82.1"
"","high","53.0","225.0","2.1","29.0","281.0","3.0","0.0","93.1"
"","low","50.8","212.0","1.0","21.6","208.0","1.3","0.4","75.6"
"Tank Bigsby","PHI","104.6","510.9","4.2","3.8","31.8","0.1","0.7","80.3"
"","high","126.0","649.0","5.0","4.0","35.0","0.1","0.4","86.9"
"","low","83.2","372.8","3.4","3.6","28.7","0.0","1.0","62.4"
"MarShawn Lloyd","GB","89.6","381.0","2.8","16.1","113.7","0.7","0.4","78.1"
"","high","89.6","381.0","2.8","16.1","113.7","0.7","0.4","78.3"
"","low","89.6","381.0","2.8","16.1","113.7","0.7","0.4","78.3"
"Keaton Mitchell","LAC","95.6","432.8","2.2","15.5","114.5","0.4","0.7","76.6"
"","high","108.0","473.0","2.4","20.1","157.0","0.8","0.5","81.6"
"","low","83.3","392.6","2.0","11.0","72.0","0.0","1.0","58.8"
"Mike Washington Jr.","LV","101.0","379.6","2.6","15.7","127.5","0.6","1.2","75.7"
"","high","114.0","397.0","3.0","23.0","195.0","1.0","0.4","71.8"
"","low","88.0","362.2","2.2","8.4","60.0","0.3","2.0","64.6"
"Emari Demercado","KC","76.8","427.0","1.7","16.4","119.2","0.8","1.7","74.5"
"","high","100.0","598.0","2.0","17.0","130.0","1.0","0.3","77.2"
"","low","53.7","255.9","1.4","15.7","108.3","0.6","3.0","56.3"
"Jordan James","SF","80.2","322.1","2.5","14.0","132.6","0.6","1.1","68.9"
"","high","125.0","493.0","4.0","24.0","234.0","1.0","0.2","89.0"
"","low","35.4","151.2","1.0","4.1","31.3","0.2","2.0","32.2"
"Adam Randall","BAL","55.1","281.2","2.0","10.8","108.9","1.1","0.6","61.6"
"","high","81.0","441.0","3.0","18.0","189.0","2.0","0.1","80.4"
"","low","29.3","121.3","0.9","3.6","28.8","0.2","1.0","26.9"
"Chris Brooks","GB","72.7","324.1","1.3","13.4","93.3","0.2","0.6","56.5"
"","high","123.0","550.0","2.0","15.0","104.0","0.4","0.1","67.7"
"","low","22.4","98.3","0.6","11.8","82.5","0.0","1.0","30.9"
"Najee Harris","NYG","73.4","310.8","2.2","8.6","62.8","0.1","0.1","55.5"
"","high","80.0","353.0","3.0","9.0","75.0","0.3","0.0","52.3"
"","low","66.7","268.5","1.4","8.1","50.5","0.0","0.2","46.1"
"Kimani Vidal","LAC","60.2","234.7","1.6","11.9","104.0","0.7","0.1","53.1"
"","high","87.0","333.0","2.0","16.0","145.0","1.0","0.0","54.0"
"","low","33.3","136.4","1.1","7.8","63.0","0.4","0.2","34.5"
"James Conner","ARI","42.5","153.5","1.5","18.0","131.5","1.0","0.0","52.5"
"","high","85.0","307.0","3.0","36.0","263.0","2.0","0.0","79.0"
"","low","0.0","0.0","0.0","0.0","0.0","0.0","0.0","9.0"
"Jaydon Blue","DAL","62.4","263.0","1.9","8.7","61.7","0.4","0.3","50.2"
"","high","62.4","263.0","1.9","8.7","61.7","0.4","0.3","50.6"
"","low","62.4","263.0","1.9","8.7","61.7","0.4","0.3","50.6"
"Emanuel Wilson","SEA","70.2","290.5","1.7","7.7","52.1","0.0","0.5","47.4"
"","high","129.0","533.0","3.0","14.0","94.0","0.1","0.1","69.8"
"","low","11.4","48.0","0.4","1.4","10.3","0.0","1.0","12.4"
"Jaylen Wright","MIA","79.9","308.9","1.5","7.2","52.5","0.1","1.2","47.1"
"","high","104.0","384.0","2.0","7.5","55.9","0.2","0.5","42.6"
"","low","55.9","233.8","1.1","7.0","49.0","0.0","2.0","39.6"
"Jawhar Jordan","HOU","51.3","218.0","1.1","11.0","91.0","0.5","0.5","45.1"
"","high","90.0","382.0","2.0","22.0","182.0","1.0","0.0","61.5"
"","low","12.6","54.1","0.3","0.0","0.0","0.0","1.0","12.4"
"Malik Davis","DAL","57.5","277.0","2.0","4.5","37.5","0.0","0.5","44.7"
"","high","115.0","554.0","4.0","9.0","75.0","0.0","0.0","74.3"
"","low","0.0","0.0","0.0","0.0","0.0","0.0","1.0","2.3"
"Jonah Coleman","DEN","48.8","203.2","1.6","10.2","74.8","0.4","0.2","44.3"
"","high","65.5","272.4","2.1","17.4","126.6","0.8","0.0","62.2"
"","low","32.0","134.0","1.0","3.0","23.0","0.0","0.3","17.1"
"Kyle Juszczyk","SF","4.2","10.3","0.1","23.7","209.0","1.5","0.1","43.0"
"","high","4.4","18.6","0.2","27.0","256.0","2.0","0.0","41.9"
"","low","4.0","2.0","0.0","20.4","162.1","1.0","0.1","36.4"
"Emmett Johnson","KC","49.5","206.3","1.6","8.4","59.4","0.4","0.2","42.2"
"","high","49.5","206.3","1.6","8.4","59.4","0.4","0.2","42.4"
"","low","49.5","206.3","1.6","8.4","59.4","0.4","0.2","42.4"
"Isaiah Davis","NYJ","35.1","174.7","1.2","9.9","78.7","0.2","0.1","38.4"
"","high","39.1","178.4","1.3","12.9","96.5","0.4","0.0","43.1"
"","low","31.0","171.0","1.0","7.0","61.0","0.0","0.1","23.0"
"George Holani","SEA","38.9","164.1","1.5","8.0","62.2","0.3","0.2","37.1"
"","high","38.9","164.1","1.5","8.0","62.2","0.3","0.2","37.5"
"","low","38.9","164.1","1.5","8.0","62.2","0.3","0.2","37.5"
"LeQuint Allen Jr.","JAC","32.0","126.0","0.6","15.3","99.1","0.4","0.1","36.2"
"","high","56.0","218.0","1.0","21.7","148.3","0.9","0.0","32.4"
"","low","8.0","34.0","0.2","9.0","50.0","0.0","0.1","27.7"
"Frank Gore Jr.","BUF","37.0","174.0","2.0","3.0","26.0","0.0","0.0","33.5"
"","high","37.0","174.0","2.0","3.0","26.0","0.0","0.0","24.5"
"","low","37.0","174.0","2.0","3.0","26.0","0.0","0.0","24.5"
"Roschon Johnson","CHI","34.0","116.0","3.0","3.0","18.0","0.0","0.0","32.9"
"","high","34.0","116.0","3.0","3.0","18.0","0.0","0.0","24.5"
"","low","34.0","116.0","3.0","3.0","18.0","0.0","0.0","24.5"
"Ollie Gordon II","MIA","49.4","203.5","1.2","3.9","27.7","0.1","0.2","32.9"
"","high","49.4","203.5","1.2","3.9","27.7","0.1","0.2","33.0"
"","low","49.4","203.5","1.2","3.9","27.7","0.1","0.2","33.0"
"Trayveon Williams","DET","32.0","138.0","1.0","9.0","77.0","0.0","0.0","32.0"
"","high","32.0","138.0","1.0","9.0","77.0","0.0","0.0","19.5"
"","low","32.0","138.0","1.0","9.0","77.0","0.0","0.0","19.5"
"Ray Davis","BUF","32.3","137.9","1.1","7.8","60.0","0.4","0.2","32.0"
"","high","32.3","137.9","1.1","7.8","60.0","0.4","0.2","34.3"
"","low","32.3","137.9","1.1","7.8","60.0","0.4","0.2","34.3"
"DJ Giddens","IND","33.3","140.5","1.0","8.4","58.3","0.3","0.2","31.6"
"","high","33.3","140.5","1.0","8.4","58.3","0.3","0.2","31.8"
"","low","33.3","140.5","1.0","8.4","58.3","0.3","0.2","31.8"
"Ty Chandler","NO","51.0","138.0","1.0","12.0","58.0","0.0","0.0","31.6"
"","high","51.0","138.0","1.0","12.0","58.0","0.0","0.0","20.0"
"","low","51.0","138.0","1.0","12.0","58.0","0.0","0.0","20.0"
"Sean Tucker","TB","38.8","163.6","2.2","1.5","10.2","0.0","0.1","31.4"
"","high","43.6","182.2","2.4","2.0","14.4","0.1","0.0","35.7"
"","low","34.0","145.0","2.0","1.0","6.0","0.0","0.3","18.7"
"Phil Mafah","DAL","31.6","137.2","1.5","4.2","32.3","0.1","0.1","28.8"
"","high","32.0","142.0","2.0","4.4","34.0","0.2","0.0","25.9"
"","low","31.2","132.4","1.1","4.0","30.7","0.0","0.1","21.1"
"Brashard Smith","KC","25.0","89.0","0.5","10.5","71.0","0.5","0.0","27.3"
"","high","50.0","178.0","1.0","21.0","142.0","1.0","0.0","33.3"
"","low","0.0","0.0","0.0","0.0","0.0","0.0","0.0","6.2"
"Jam Miller","NE","34.0","145.0","1.0","2.0","25.0","0.0","0.0","24.0"
"","high","34.0","145.0","1.0","2.0","25.0","0.0","0.0","14.0"
"","low","34.0","145.0","1.0","2.0","25.0","0.0","0.0","14.0"
"Salvon Ahmed","CHI","35.0","152.0","1.0","1.0","12.0","0.0","0.0","22.9"
"","high","35.0","152.0","1.0","1.0","12.0","0.0","0.0","12.5"
"","low","35.0","152.0","1.0","1.0","12.0","0.0","0.0","12.5"
"Jarquez Hunter","LAR","32.0","148.0","1.0","1.0","14.0","0.0","0.0","22.7"
"","high","32.0","148.0","1.0","1.0","14.0","0.0","0.0","12.5"
"","low","32.0","148.0","1.0","1.0","14.0","0.0","0.0","12.5"
"Dameon Pierce","PHI","35.0","161.0","1.0","0.0","0.0","0.0","0.0","22.1"
"","high","35.0","161.0","1.0","0.0","0.0","0.0","0.0","13.0"
"","low","35.0","161.0","1.0","0.0","0.0","0.0","0.0","13.0"
"Audric Estime","NO","30.0","122.0","1.0","3.0","24.0","0.0","0.0","22.1"
"","high","30.0","122.0","1.0","3.0","24.0","0.0","0.0","13.5"
"","low","30.0","122.0","1.0","3.0","24.0","0.0","0.0","13.5"
"Will Shipley","PHI","9.3","39.6","0.3","11.3","83.5","0.4","0.1","21.9"
"","high","9.3","39.6","0.3","11.3","83.5","0.4","0.1","22.4"
"","low","9.3","39.6","0.3","11.3","83.5","0.4","0.1","22.4"
"Donovan Edwards","MIA","31.0","130.0","1.0","2.0","19.0","0.0","0.0","21.9"
"","high","31.0","130.0","1.0","2.0","19.0","0.0","0.0","13.0"
"","low","31.0","130.0","1.0","2.0","19.0","0.0","0.0","13.0"
"Carlos Washington Jr.","MIA","31.0","130.0","1.0","2.0","19.0","0.0","0.0","21.9"
"","high","31.0","130.0","1.0","2.0","19.0","0.0","0.0","13.0"
"","low","31.0","130.0","1.0","2.0","19.0","0.0","0.0","13.0"
"Seth McGowan","IND","22.3","96.4","1.2","3.2","27.3","0.1","0.0","21.6"
"","high","32.0","141.0","2.0","4.3","29.6","0.2","0.0","20.6"
"","low","12.5","51.7","0.4","2.0","25.0","0.0","0.1","13.0"
"Kendre Miller","NO","29.4","119.9","1.3","1.8","10.9","0.0","0.0","21.5"
"","high","35.0","140.0","2.0","2.0","11.0","0.0","0.0","18.9"
"","low","23.8","99.9","0.5","1.5","10.9","0.0","0.1","15.2"
"Hunter Luepke","DAL","13.4","56.5","0.4","8.6","61.6","0.4","0.1","20.7"
"","high","13.4","56.5","0.4","8.6","61.6","0.4","0.1","20.8"
"","low","13.4","56.5","0.4","8.6","61.6","0.4","0.1","20.8"
"Kaytron Allen","WAS","23.6","110.9","0.7","3.0","25.7","0.1","0.0","20.0"
"","high","35.0","171.0","1.0","4.1","29.4","0.2","0.0","18.5"
"","low","12.3","50.8","0.4","2.0","22.0","0.0","0.1","13.2"
"Demond Claiborne","MIN","21.6","96.1","0.7","3.3","25.2","0.1","0.0","18.4"
"","high","29.0","133.0","1.0","4.5","29.4","0.2","0.0","13.9"
"","low","14.2","59.3","0.4","2.0","21.0","0.0","0.1","13.6"
"Tahj Brooks","CIN","30.3","128.4","0.9","0.0","0.0","0.0","0.1","18.2"
"","high","30.3","128.4","0.9","0.0","0.0","0.0","0.1","18.4"
"","low","30.3","128.4","0.9","0.0","0.0","0.0","0.1","18.4"
"Devin Neal","NO","22.5","90.0","1.0","2.5","17.5","0.0","0.0","18.0"
"","high","45.0","180.0","2.0","5.0","35.0","0.0","0.0","24.3"
"","low","0.0","0.0","0.0","0.0","0.0","0.0","0.0","1.3"
"Nicholas Singleton","TEN","20.3","83.7","0.6","4.3","30.2","0.2","0.1","17.6"
"","high","20.3","83.7","0.6","4.3","30.2","0.2","0.1","17.7"
"","low","20.3","83.7","0.6","4.3","30.2","0.2","0.1","17.7"
"Michael Burton","CLE","6.6","13.9","0.6","5.1","33.3","0.6","0.0","14.0"
"","high","9.0","17.7","1.0","6.0","40.0","1.0","0.0","15.5"
"","low","4.3","10.0","0.1","4.2","26.5","0.2","0.0","8.4"
"Isaac Guerendo","SF","16.5","80.0","0.5","2.0","18.5","0.0","0.0","13.9"
"","high","33.0","160.0","1.0","4.0","37.0","0.0","0.0","15.0"
"","low","0.0","0.0","0.0","0.0","0.0","0.0","0.0","2.1"
"Trevor Etienne","CAR","12.3","52.4","0.3","4.1","29.3","0.1","0.1","12.7"
"","high","12.3","52.4","0.3","4.1","29.3","0.1","0.1","14.7"
"","low","12.3","52.4","0.3","4.1","29.3","0.1","0.1","14.7"
"Andrew Beck","NYJ","0.5","4.0","0.0","4.6","31.8","1.1","0.0","12.5"
"","high","1.0","8.0","0.0","5.0","35.0","2.0","0.0","15.3"
"","low","0.0","0.0","0.0","4.2","28.6","0.2","0.0","6.5"
"Alec Ingold","LAC","2.1","8.6","0.1","7.9","58.7","0.2","0.1","12.4"
"","high","2.1","8.6","0.1","7.9","58.7","0.2","0.1","12.4"
"","low","2.1","8.6","0.1","7.9","58.7","0.2","0.1","12.4"
"Adam Prentice","DEN","4.1","17.4","0.1","4.1","29.9","0.2","0.0","8.4"
"","high","4.1","17.4","0.1","4.1","29.9","0.2","0.0","8.4"
"","low","4.1","17.4","0.1","4.1","29.9","0.2","0.0","8.4"
"Connor Heyward","LV","4.2","17.4","0.1","4.0","29.0","0.2","0.0","8.2"
"","high","4.2","17.4","0.1","4.0","29.0","0.2","0.0","8.3"
"","low","4.2","17.4","0.1","4.0","29.0","0.2","0.0","8.3"
"Max Bredeson","MIN","2.0","8.5","0.1","4.5","29.4","0.2","0.0","7.4"
"","high","2.0","8.5","0.1","4.5","29.4","0.2","0.0","7.4"
"","low","2.0","8.5","0.1","4.5","29.4","0.2","0.0","7.4"
"Riley Nowakowski","PIT","0.0","0.0","0.0","4.3","29.2","0.2","0.0","6.0"
"","high","0.0","0.0","0.0","4.3","29.2","0.2","0.0","6.0"
"","low","0.0","0.0","0.0","4.3","29.2","0.2","0.0","6.0"
"Reggie Gilliam","NE","0.0","0.0","0.0","4.1","29.8","0.2","0.0","5.9"
"","high","0.0","0.0","0.0","4.1","29.8","0.2","0.0","5.9"
"","low","0.0","0.0","0.0","4.1","29.8","0.2","0.0","5.9"
"Patrick Ricard","NYG","0.0","0.0","0.0","3.9","26.8","0.1","0.0","5.4"
"","high","0.0","0.0","0.0","3.9","26.8","0.1","0.0","5.4"
"","low","0.0","0.0","0.0","3.9","26.8","0.1","0.0","5.4"
"Kaleb Johnson","PIT","8.6","35.9","0.2","0.0","0.0","0.0","0.0","4.9"
"","high","8.6","35.9","0.2","0.0","0.0","0.0","0.0","4.9"
"","low","8.6","35.9","0.2","0.0","0.0","0.0","0.0","4.9"
"British Brooks","HOU","4.2","18.0","0.1","0.0","0.0","0.0","0.0","2.4"
"","high","4.2","18.0","0.1","0.0","0.0","0.0","0.0","2.4"
"","low","4.2","18.0","0.1","0.0","0.0","0.0","0.0","2.4"
"Devin Singletary","NYG","0.0","0.0","0.0","0.0","0.0","0.0","0.0","0.0"
"","high","0.0","0.0","0.0","0.0","0.0","0.0","0.0","0.0"
"","low","0.0","0.0","0.0","0.0","0.0","0.0","0.0","0.0"
"DeeJay Dallas","JAC","0.0","0.0","0.0","0.0","0.0","0.0","0.0","0.0"
"","high","0.0","0.0","0.0","0.0","0.0","0.0","0.0","0.2"
"","low","0.0","0.0","0.0","0.0","0.0","0.0","0.0","0.2"
"Jerome Ford","WAS","0.0","0.0","0.0","0.0","0.0","0.0","0.0","0.0"
"","high","0.0","0.0","0.0","0.0","0.0","0.0","0.0","0.0"
"","low","0.0","0.0","0.0","0.0","0.0","0.0","0.0","0.0"
"Kene Nwangwu","NYJ","0.0","0.0","0.0","0.0","0.0","0.0","0.0","0.0"
"","high","0.0","0.0","0.0","0.0","0.0","0.0","0.0","2.3"
"","low","0.0","0.0","0.0","0.0","0.0","0.0","0.0","2.3"
"Tyler Badie","DEN","0.0","0.0","0.0","0.0","0.0","0.0","0.0","0.0"
"","high","0.0","0.0","0.0","0.0","0.0","0.0","0.0","0.4"
"","low","0.0","0.0","0.0","0.0","0.0","0.0","0.0","0.4"
"Bam Knight","ARI","0.0","0.0","0.0","0.0","0.0","0.0","0.0","0.0"
"","high","0.0","0.0","0.0","0.0","0.0","0.0","0.0","0.8"
"","low","0.0","0.0","0.0","0.0","0.0","0.0","0.0","0.8"
"Trey Benson","ARI","0.0","0.0","0.0","0.0","0.0","0.0","0.0","0.0"
"","high","0.0","0.0","0.0","0.0","0.0","0.0","0.0","0.0"
"","low","0.0","0.0","0.0","0.0","0.0","0.0","0.0","0.0"
"Jacob Saylors","DET","0.0","0.0","0.0","0.0","0.0","0.0","0.0","0.0"
"","high","0.0","0.0","0.0","0.0","0.0","0.0","0.0","0.3"
"","low","0.0","0.0","0.0","0.0","0.0","0.0","0.0","0.3"
"Zavier Scott","MIN","0.0","0.0","0.0","0.0","0.0","0.0","0.0","0.0"
"","high","0.0","0.0","0.0","0.0","0.0","0.0","0.0","0.0"
"","low","0.0","0.0","0.0","0.0","0.0","0.0","0.0","0.0"
"Rasheen Ali","BAL","0.0","0.0","0.0","0.0","0.0","0.0","0.0","0.0"
"","high","0.0","0.0","0.0","0.0","0.0","0.0","0.0","0.5"
"","low","0.0","0.0","0.0","0.0","0.0","0.0","0.0","0.5"
"Dylan Laube","LV","0.0","0.0","0.0","0.0","0.0","0.0","0.0","0.0"
"","high","0.0","0.0","0.0","0.0","0.0","0.0","0.0","0.7"
"","low","0.0","0.0","0.0","0.0","0.0","0.0","0.0","0.7"
"Chris Collier","LV","0.0","0.0","0.0","0.0","0.0","0.0","0.0","0.0"
"","high","0.0","0.0","0.0","0.0","0.0","0.0","0.0","0.0"
"","low","0.0","0.0","0.0","0.0","0.0","0.0","0.0","0.0"
"Josh Williams","TB","0.0","0.0","0.0","0.0","0.0","0.0","0.0","0.0"
"","high","0.0","0.0","0.0","0.0","0.0","0.0","0.0","0.1"
"","low","0.0","0.0","0.0","0.0","0.0","0.0","0.0","0.1"
""
""