"Player","Team","REC","YDS","TDS","FL","FPTS"
" ","",""
"Trey McBride","ARI","108.9","1051.1","6.8","0.2","199.8"
"","high","115.0","1081.0","8.0","0.0","253.4"
"","low","104.0","1023.3","5.4","0.5","188.5"
"Brock Bowers","LV","96.6","1026.9","7.5","0.2","195.8"
"","high","103.0","1088.0","9.0","0.0","250.6"
"","low","88.0","994.0","6.6","0.4","190.4"
"Colston Loveland","CHI","79.1","927.5","6.7","0.2","171.9"
"","high","84.0","1037.0","8.0","0.0","196.8"
"","low","73.0","848.0","6.0","0.4","165.3"
"Tyler Warren","IND","79.0","878.1","5.5","0.3","159.7"
"","high","85.0","904.0","6.0","0.0","192.1"
"","low","74.0","836.0","5.0","0.6","164.5"
"Kyle Pitts Sr.","ATL","79.5","880.9","4.7","0.1","155.9"
"","high","82.0","929.0","7.0","0.0","187.3"
"","low","76.0","856.0","3.2","0.3","144.4"
"Harold Fannin Jr.","CLE","78.7","816.7","5.4","0.8","151.8"
"","high","83.0","830.0","8.0","0.6","187.9"
"","low","76.0","801.0","3.2","1.0","144.0"
"Tucker Kraft","GB","61.5","785.8","6.5","0.2","147.7"
"","high","71.4","818.4","10.0","0.0","162.7"
"","low","56.0","724.0","4.4","0.5","140.0"
"Dallas Goedert","PHI","65.5","688.9","7.6","0.2","146.7"
"","high","70.6","725.7","11.0","0.0","168.8"
"","low","58.0","625.0","5.7","0.4","139.2"
"Sam LaPorta","DET","68.4","787.5","5.5","0.2","145.3"
"","high","78.3","831.0","6.0","0.0","169.2"
"","low","61.0","745.0","5.0","0.4","144.5"
"Travis Kelce","KC","74.9","785.4","4.8","0.3","144.6"
"","high","78.0","814.0","6.0","0.0","175.1"
"","low","73.0","771.0","4.0","0.5","141.2"
"George Kittle","SF","66.3","753.4","5.7","0.2","142.5"
"","high","72.0","845.0","7.0","0.0","157.1"
"","low","57.0","655.0","5.0","0.3","140.2"
"Mark Andrews","BAL","59.7","618.9","7.7","0.3","137.4"
"","high","61.0","645.0","10.0","0.0","160.8"
"","low","58.0","594.0","6.0","0.5","141.2"
"Isaiah Likely","NYG","62.8","745.6","5.0","1.3","133.6"
"","high","69.0","897.0","7.0","0.5","150.4"
"","low","56.0","656.0","4.0","2.0","123.7"
"Dalton Kincaid","BUF","57.1","707.1","5.5","0.2","131.7"
"","high","60.0","779.0","7.0","0.0","149.0"
"","low","52.0","645.0","4.4","0.5","124.7"
"Jake Ferguson","DAL","73.9","606.4","5.9","1.4","130.5"
"","high","78.0","636.0","7.0","0.8","161.0"
"","low","71.0","585.0","5.0","2.0","130.0"
"Hunter Henry","NE","55.6","645.2","5.1","0.1","122.6"
"","high","56.0","684.0","5.2","0.0","147.7"
"","low","55.0","624.0","5.0","0.2","118.8"
"Juwan Johnson","NO","64.7","730.3","3.3","1.3","122.4"
"","high","71.0","870.0","4.0","0.6","147.9"
"","low","60.0","644.8","2.8","2.0","112.7"
"Brenton Strange","JAC","60.0","661.2","4.3","0.2","121.7"
"","high","70.0","814.0","5.0","0.0","136.6"
"","low","51.0","571.0","4.0","0.4","113.4"
"Dalton Schultz","HOU","65.9","639.8","3.4","0.2","116.8"
"","high","71.0","720.0","4.0","0.0","149.0"
"","low","59.6","553.5","3.0","0.4","106.6"
"T.J. Hockenson","MIN","63.9","574.5","3.3","0.2","108.7"
"","high","77.7","639.4","4.0","0.0","136.3"
"","low","55.0","516.0","2.8","0.3","100.0"
"Pat Freiermuth","PIT","53.0","560.0","4.3","0.2","107.6"
"","high","59.9","603.0","5.0","0.0","139.6"
"","low","46.0","511.0","2.8","0.5","100.5"
"Greg Dulcich","MIA","54.6","620.0","3.2","1.2","106.2"
"","high","58.0","674.0","4.0","0.4","138.9"
"","low","51.7","580.0","1.7","2.0","94.7"
"Kenyon Sadiq","NYJ","49.7","546.6","4.1","0.7","102.4"
"","high","63.2","656.8","6.0","0.4","115.7"
"","low","39.0","455.0","2.0","1.0","101.9"
"Terrance Ferguson","LAR","38.3","526.8","5.1","0.2","102.3"
"","high","45.9","580.3","5.4","0.0","116.2"
"","low","29.0","470.0","5.0","0.3","95.2"
"Cade Otton","TB","55.2","557.7","3.1","0.1","101.7"
"","high","68.0","708.0","4.0","0.0","124.6"
"","low","44.5","440.2","2.3","0.3","85.2"
"AJ Barner","SEA","48.6","469.9","4.9","0.2","100.1"
"","high","54.0","504.0","7.0","0.0","125.7"
"","low","44.7","432.7","3.6","0.5","93.3"
"Chig Okonkwo","WAS","52.8","569.8","2.8","0.1","99.8"
"","high","54.0","630.0","3.0","0.0","123.3"
"","low","51.3","519.0","2.4","0.3","96.4"
"Darren Waller","CAR","41.0","426.1","4.7","0.1","91.0"
"","high","45.0","473.4","6.0","0.0","95.7"
"","low","35.0","337.0","4.0","0.2","92.1"
"Evan Engram","DEN","53.4","475.9","2.7","0.1","90.4"
"","high","57.0","484.0","3.0","0.0","121.6"
"","low","47.3","464.8","2.2","0.3","83.7"
"Gunnar Helm","TEN","48.9","444.1","3.1","0.2","87.1"
"","high","57.7","499.2","3.3","0.0","110.5"
"","low","44.0","378.0","3.0","0.4","72.5"
"David Njoku","LAC","42.3","396.6","4.3","0.1","86.3"
"","high","45.0","416.7","6.0","0.0","98.5"
"","low","39.9","369.0","3.0","0.3","85.6"
"Mike Gesicki","CIN","41.4","434.3","3.6","0.1","85.4"
"","high","49.0","540.0","4.0","0.0","111.2"
"","low","32.2","312.9","3.0","0.2","74.3"
"Oronde Gadsden II","LAC","37.8","474.9","2.8","0.6","82.2"
"","high","49.0","689.0","3.0","0.2","95.9"
"","low","30.3","321.7","2.5","1.0","65.9"
"Mason Taylor","NYJ","45.8","403.5","2.4","0.1","77.7"
"","high","56.0","481.0","4.0","0.0","108.0"
"","low","31.5","268.5","1.3","0.2","57.7"
"Colby Parkinson","LAR","34.0","349.2","4.0","0.6","74.8"
"","high","41.0","435.0","6.0","0.3","86.0"
"","low","28.0","291.5","3.0","1.0","64.4"
"Michael Mayer","LV","40.0","378.0","2.1","0.1","70.2"
"","high","43.0","420.0","3.0","0.0","101.5"
"","low","37.0","350.0","1.3","0.3","59.0"
"Dawson Knox","BUF","28.6","331.7","2.9","0.1","64.9"
"","high","35.0","401.0","3.0","0.0","78.2"
"","low","24.9","265.0","2.8","0.1","57.6"
"Theo Johnson","NYG","27.5","313.8","2.9","0.1","62.2"
"","high","33.0","390.0","5.0","0.0","73.7"
"","low","24.0","269.4","1.6","0.1","50.1"
"Darnell Washington","PIT","30.7","329.1","2.0","0.6","58.8"
"","high","35.0","383.0","2.0","0.3","70.2"
"","low","26.0","299.0","1.9","1.0","55.3"
"Tyler Higbee","LAR","25.1","296.5","2.4","0.0","56.6"
"","high","40.0","499.0","4.0","0.0","77.5"
"","low","15.3","154.4","1.3","0.1","35.4"
"Cole Kmet","CHI","26.2","274.1","2.2","0.1","53.7"
"","high","35.0","374.0","3.0","0.0","86.0"
"","low","21.7","219.2","1.7","0.1","40.1"
"Erick All Jr.","CIN","30.5","268.6","1.9","0.1","53.5"
"","high","35.0","302.0","2.0","0.0","49.8"
"","low","25.9","235.2","1.9","0.2","48.2"
"Noah Fant","NO","29.3","274.4","1.6","1.6","48.6"
"","high","44.0","423.0","2.0","0.1","65.7"
"","low","16.9","145.3","0.8","3.0","33.8"
"Will Kacmarek","MIA","26.6","250.7","1.9","0.6","48.5"
"","high","35.0","327.0","3.0","0.1","53.3"
"","low","18.1","174.4","0.8","1.0","35.1"
"Elijah Arroyo","SEA","23.6","240.1","1.9","0.2","46.6"
"","high","24.1","264.2","2.0","0.2","56.9"
"","low","23.0","216.0","1.7","0.2","48.3"
"Charlie Kolar","LAC","20.2","229.9","2.0","0.1","45.3"
"","high","25.0","332.0","4.0","0.0","58.1"
"","low","14.7","148.8","1.0","0.1","31.6"
"Austin Hooper","ATL","22.5","236.4","1.6","0.1","44.4"
"","high","25.0","283.0","2.0","0.0","58.8"
"","low","20.6","181.2","0.8","0.1","34.2"
"Brock Wright","DET","20.9","187.1","2.3","0.0","43.0"
"","high","34.0","302.0","4.0","0.0","55.4"
"","low","7.7","72.2","0.6","0.0","21.3"
"Josh Oliver","MIN","18.6","193.9","2.4","0.1","42.8"
"","high","22.0","243.0","4.0","0.0","49.3"
"","low","16.7","150.8","1.1","0.1","31.0"
"Daniel Bellinger","TEN","19.3","222.3","1.8","0.0","42.3"
"","high","26.0","332.0","3.0","0.0","51.7"
"","low","12.7","112.6","0.5","0.1","23.8"
"Noah Gray","KC","21.0","211.8","1.5","0.1","40.4"
"","high","26.1","262.3","2.0","0.0","56.9"
"","low","15.0","139.0","1.0","0.1","22.5"
"Eli Stowers","PHI","20.9","214.5","1.4","0.6","39.1"
"","high","31.0","322.0","2.0","0.1","42.4"
"","low","10.8","106.9","0.8","1.0","28.7"
"Tommy Tremble","CAR","21.1","197.8","1.4","0.1","38.8"
"","high","23.0","215.0","2.0","0.0","49.1"
"","low","18.4","176.5","1.0","0.1","34.6"
"Adam Trautman","DEN","19.3","197.7","1.5","0.0","38.3"
"","high","27.0","282.0","2.0","0.0","40.7"
"","low","11.7","113.3","1.0","0.1","26.8"
"Luke Musgrave","GB","20.5","200.5","1.1","0.0","36.9"
"","high","28.0","269.0","2.0","0.0","57.1"
"","low","7.5","67.4","0.4","0.1","19.0"
"Eli Raridon","NE","18.8","192.8","1.5","0.6","36.8"
"","high","22.0","235.0","2.0","0.1","34.4"
"","low","15.6","150.5","1.1","1.0","30.9"
"Marlin Klein","HOU","19.5","201.6","1.1","0.5","35.5"
"","high","35.0","367.0","2.0","0.0","48.7"
"","low","4.0","36.1","0.2","1.0","14.7"
"Davis Allen","LAR","16.9","157.3","1.9","0.0","35.4"
"","high","26.0","241.0","3.0","0.0","42.5"
"","low","7.8","73.7","0.7","0.1","20.2"
"Ben Sims","MIA","19.5","184.6","1.2","0.0","35.1"
"","high","32.0","304.0","2.0","0.0","42.7"
"","low","7.0","65.3","0.3","0.1","18.2"
"Ja'Tavion Sanders","CAR","22.3","178.1","1.0","0.1","35.0"
"","high","25.0","192.0","1.1","0.0","33.9"
"","low","19.5","164.3","1.0","0.1","29.1"
"Elijah Higgins","ARI","22.0","196.0","0.8","0.6","34.5"
"","high","23.0","210.0","1.0","0.2","33.0"
"","low","20.9","182.1","0.7","1.0","28.0"
"John Bates","WAS","17.1","169.9","1.6","0.6","33.9"
"","high","20.0","204.0","2.0","0.1","31.5"
"","low","14.1","135.8","1.2","1.0","29.0"
"Jake Tonges","SF","16.7","167.2","1.3","0.0","33.1"
"","high","25.0","265.0","2.0","0.0","59.4"
"","low","12.0","102.0","1.0","0.1","18.4"
"Jeremy Ruckert","NYJ","19.7","146.3","1.3","0.0","32.1"
"","high","27.0","196.0","2.0","0.0","33.9"
"","low","12.4","96.7","0.6","0.1","22.8"
"Drew Sample","CIN","17.3","146.3","1.2","0.1","30.1"
"","high","17.3","146.3","1.2","0.1","30.2"
"","low","17.3","146.3","1.2","0.1","30.2"
"Nate Boerkircher","JAC","14.9","156.8","1.3","0.5","29.8"
"","high","22.0","240.0","2.0","0.1","33.5"
"","low","7.8","73.6","0.6","1.0","18.1"
"Connor Heyward","LV","14.0","103.0","2.0","0.0","29.3"
"","high","14.0","103.0","2.0","0.0","30.0"
"","low","14.0","103.0","2.0","0.0","30.0"
"Nick Vannett","SEA","10.0","95.0","2.0","0.0","26.5"
"","high","10.0","95.0","2.0","0.0","21.0"
"","low","10.0","95.0","2.0","0.0","21.0"
"Cade Stover","HOU","15.3","130.8","0.9","0.1","25.8"
"","high","15.5","133.7","1.0","0.0","26.9"
"","low","15.0","128.0","0.7","0.1","19.6"
"Nate Adkins","DEN","11.9","88.4","1.8","0.0","25.8"
"","high","16.0","108.0","3.0","0.0","28.0"
"","low","7.8","68.8","0.7","0.1","16.8"
"Jackson Hawes","BUF","10.5","115.1","1.4","0.0","25.4"
"","high","11.1","120.0","2.0","0.0","22.3"
"","low","10.0","110.1","0.9","0.1","21.6"
"Ben Sinnott","WAS","11.1","114.4","1.4","0.0","25.3"
"","high","11.1","122.0","2.0","0.0","22.5"
"","low","11.0","106.7","0.8","0.1","21.1"
"Zack Kuntz","DAL","12.0","128.0","1.0","0.0","24.8"
"","high","12.0","128.0","1.0","0.0","17.0"
"","low","12.0","128.0","1.0","0.0","17.0"
"Jack Endries","CIN","13.0","123.0","1.0","0.0","24.8"
"","high","13.0","123.0","1.0","0.0","17.5"
"","low","13.0","123.0","1.0","0.0","17.5"
"Luke Schoonmaker","DAL","13.2","121.5","0.9","0.0","24.4"
"","high","15.0","133.0","1.0","0.0","22.9"
"","low","11.4","110.0","0.9","0.1","17.6"
"Will Mallory","IND","11.0","125.0","1.0","0.0","24.0"
"","high","11.0","125.0","1.0","0.0","16.5"
"","low","11.0","125.0","1.0","0.0","16.5"
"Hayden Rucci","SF","12.0","118.0","1.0","0.0","23.8"
"","high","12.0","118.0","1.0","0.0","16.0"
"","low","12.0","118.0","1.0","0.0","16.0"
"Charlie Woerner","ATL","14.5","127.4","0.6","0.0","23.5"
"","high","25.0","222.0","1.0","0.0","28.2"
"","low","3.9","32.7","0.2","0.0","11.5"
"Grant Calcaterra","PHI","11.0","115.0","1.0","0.0","23.0"
"","high","22.0","230.0","2.0","0.0","32.5"
"","low","0.0","0.0","0.0","0.0","5.5"
"Foster Moreau","HOU","9.3","105.5","1.3","0.0","22.9"
"","high","11.0","132.0","2.0","0.0","21.7"
"","low","7.7","79.0","0.6","0.1","16.1"
"Bauer Sharp","TB","11.0","113.0","1.0","0.0","22.8"
"","high","11.0","113.0","1.0","0.0","15.5"
"","low","11.0","113.0","1.0","0.0","15.5"
"Tanner Hudson","CIN","13.1","110.3","0.9","0.1","22.8"
"","high","13.1","110.3","0.9","0.1","22.9"
"","low","13.1","110.3","0.9","0.1","22.9"
"Cam Grandy","CIN","13.0","100.0","1.0","0.0","22.5"
"","high","13.0","100.0","1.0","0.0","16.5"
"","low","13.0","100.0","1.0","0.0","16.5"
"Dallen Bentley","DEN","12.0","105.0","1.0","0.0","22.5"
"","high","12.0","105.0","1.0","0.0","16.0"
"","low","12.0","105.0","1.0","0.0","16.0"
"Tanner Conner","NYG","10.0","113.0","1.0","0.0","22.3"
"","high","10.0","113.0","1.0","0.0","15.0"
"","low","10.0","113.0","1.0","0.0","15.0"
"Mo Alie-Cox","IND","10.7","113.9","0.9","0.1","22.1"
"","high","10.7","113.9","0.9","0.1","22.2"
"","low","10.7","113.9","0.9","0.1","22.2"
"Thomas Fidone II","NYG","10.0","101.0","1.0","0.0","21.1"
"","high","10.0","101.0","1.0","0.0","15.0"
"","low","10.0","101.0","1.0","0.0","15.0"
"Jared Wiley","KC","11.0","96.0","1.0","0.0","21.1"
"","high","11.0","96.0","1.0","0.0","15.5"
"","low","11.0","96.0","1.0","0.0","15.5"
"Jaheim Bell","PIT","10.0","98.0","1.0","0.0","20.8"
"","high","10.0","98.0","1.0","0.0","15.0"
"","low","10.0","98.0","1.0","0.0","15.0"
"Drake Dabney","GB","10.0","95.0","1.0","0.0","20.5"
"","high","10.0","95.0","1.0","0.0","15.0"
"","low","10.0","95.0","1.0","0.0","15.0"
"Seydou Traore","MIA","9.0","88.0","1.0","0.0","19.3"
"","high","9.0","88.0","1.0","0.0","14.5"
"","low","9.0","88.0","1.0","0.0","14.5"
"Durham Smythe","BAL","9.8","94.0","0.7","0.1","18.6"
"","high","9.8","94.0","0.7","0.1","18.7"
"","low","9.8","94.0","0.7","0.1","18.7"
"Mitchell Evans","CAR","8.0","71.5","1.0","0.0","17.2"
"","high","16.0","143.0","2.0","0.0","22.0"
"","low","0.0","0.0","0.0","0.0","4.0"
"Payne Durham","TB","7.6","80.8","0.8","0.0","16.7"
"","high","8.0","91.0","1.0","0.0","14.7"
"","low","7.2","70.6","0.6","0.1","13.8"
"Max Klare","LAR","8.0","82.6","0.7","0.0","16.3"
"","high","12.0","127.0","1.0","0.0","15.0"
"","low","4.0","38.2","0.4","0.0","9.9"
"Justin Joly","DEN","8.0","71.4","0.7","0.0","15.0"
"","high","12.0","105.0","1.0","0.0","14.0"
"","low","4.0","37.9","0.3","0.0","9.6"
"Devin Culp","TB","5.5","59.0","1.0","0.0","14.7"
"","high","11.0","118.0","2.0","0.0","18.8"
"","low","0.0","0.0","0.0","0.0","2.8"
"Oscar Delp","NO","7.8","74.1","0.5","0.1","14.1"
"","high","7.8","74.1","0.5","0.1","14.1"
"","low","7.8","74.1","0.5","0.1","14.1"
"Tip Reiman","ARI","7.9","62.2","0.6","0.0","13.7"
"","high","12.0","90.0","1.0","0.0","14.0"
"","low","3.8","34.4","0.2","0.0","8.5"
"Jack Stoll","CLE","7.8","63.2","0.6","0.0","13.7"
"","high","12.0","96.0","1.0","0.0","13.9"
"","low","3.6","30.4","0.2","0.0","7.9"
"Josh Cuevas","BAL","5.7","66.4","0.6","0.0","13.3"
"","high","8.0","97.0","1.0","0.0","12.8"
"","low","3.3","35.8","0.3","0.0","8.1"
"Hunter Long","JAC","5.0","45.0","1.0","0.0","13.0"
"","high","10.0","90.0","2.0","0.0","18.5"
"","low","0.0","0.0","0.0","0.0","2.5"
"Joe Royer","CLE","7.5","67.4","0.3","0.1","12.5"
"","high","7.5","67.4","0.3","0.1","12.5"
"","low","7.5","67.4","0.3","0.1","12.5"
"Lucas Krull","DEN","6.0","44.5","0.5","0.0","10.5"
"","high","12.0","89.0","1.0","0.0","13.0"
"","low","0.0","0.0","0.0","0.0","3.0"
"Cole Turner","MIA","4.5","44.0","0.5","0.0","9.7"
"","high","9.0","88.0","1.0","0.0","12.3"
"","low","0.0","0.0","0.0","0.0","2.3"
"Luke Farrell","SF","4.2","40.7","0.3","0.0","7.8"
"","high","4.2","40.7","0.3","0.0","7.9"
"","low","4.2","40.7","0.3","0.0","7.9"
"Brevyn Spann-Ford","DAL","3.9","36.7","0.3","0.0","7.5"
"","high","3.9","36.7","0.3","0.0","7.5"
"","low","3.9","36.7","0.3","0.0","7.5"
"Tanner Koziol","JAC","3.9","36.7","0.3","0.0","7.2"
"","high","3.9","36.7","0.3","0.0","7.3"
"","low","3.9","36.7","0.3","0.0","7.3"
"CJ Dippre","NE","3.9","37.3","0.3","0.0","7.2"
"","high","3.9","37.3","0.3","0.0","7.3"
"","low","3.9","37.3","0.3","0.0","7.3"
"Ko Kieft","TB","3.7","36.1","0.3","0.0","7.2"
"","high","3.7","36.1","0.3","0.0","7.3"
"","low","3.7","36.1","0.3","0.0","7.3"
"Tyler Conklin","DET","3.7","37.9","0.3","0.0","7.1"
"","high","3.7","37.9","0.3","0.0","7.1"
"","low","3.7","37.9","0.3","0.0","7.1"
"Drew Ogletree","IND","3.6","36.3","0.3","0.0","7.0"
"","high","3.6","36.3","0.3","0.0","7.0"
"","low","3.6","36.3","0.3","0.0","7.0"
"Josh Whyle","GB","3.6","33.0","0.3","0.0","7.0"
"","high","3.6","33.0","0.3","0.0","7.0"
"","low","3.6","33.0","0.3","0.0","7.0"
"Eric Saubert","SEA","3.4","34.4","0.3","0.0","6.9"
"","high","3.4","34.4","0.3","0.0","6.9"
"","low","3.4","34.4","0.3","0.0","6.9"
"Sam Roush","CHI","3.7","33.8","0.3","0.0","6.8"
"","high","3.7","33.8","0.3","0.0","6.9"
"","low","3.7","33.8","0.3","0.0","6.9"
"Johnny Mundt","PHI","3.5","35.4","0.2","0.0","6.5"
"","high","3.5","35.4","0.2","0.0","6.5"
"","low","3.5","35.4","0.2","0.0","6.5"
"Ian Thomas","LV","3.8","36.0","0.2","0.0","6.4"
"","high","3.8","36.0","0.2","0.0","6.4"
"","low","3.8","36.0","0.2","0.0","6.4"
"Chris Manhertz","NYG","1.8","16.3","0.1","0.0","3.2"
"","high","1.8","16.3","0.1","0.0","3.2"
"","low","1.8","16.3","0.1","0.0","3.2"
"Quintin Morris","JAC","0.0","0.0","0.0","0.0","0.0"
"","high","0.0","0.0","0.0","0.0","0.0"
"","low","0.0","0.0","0.0","0.0","0.0"
"Jelani Woods","NYJ","0.0","0.0","0.0","0.0","0.0"
"","high","0.0","0.0","0.0","0.0","0.0"
"","low","0.0","0.0","0.0","0.0","0.0"
"Blake Whiteheart","CLE","0.0","0.0","0.0","0.0","0.0"
"","high","0.0","0.0","0.0","0.0","0.0"
"","low","0.0","0.0","0.0","0.0","0.0"
"Julian Hill","NE","0.0","0.0","0.0","0.0","0.0"
"","high","0.0","0.0","0.0","0.0","0.0"
"","low","0.0","0.0","0.0","0.0","0.0"
""
""